movie_id,budget,genre,release_season,runtime,cast_popularity,director_experience,critic_score,audience_score,marketing_spend,revenue
1,26645143.96,Animation,Summer,97.7,31.04,3,92.12,91.33,10729988.02,274931512.25
2,15013254.61,Sci-Fi,Summer,101.4,44.36,6,58.24,68.24,4619199.18,208166087.19
3,34522156.66,Comedy,Spring,88.0,77.6,5,65.6,65.06,15355443.93,177240856.39
4,4828305.44,Horror,Summer,78.3,70.47,5,51.93,63.91,1956200.06,141794132.39
5,5465855.99,Animation,Summer,107.8,84.38,9,43.14,46.34,1205777.24,162098743.32
6,8138707.17,Horror,Fall,80.1,39.21,5,71.16,79.24,1752259.75,65874903.66
7,32491581.3,Fantasy,Winter,104.9,72.0,0,40.33,29.14,6746212.36,114805000.62
8,24112235.32,Action,Winter,106.7,59.3,8,29.67,35.39,4051279.02,353669510.99
9,1000000.0,Drama,Summer,139.6,98.17,6,78.48,89.63,202751.14,138686831.89
10,2661153.48,Drama,Summer,,33.75,5,67.1,81.87,1160336.82,35363024.99
11,15698991.93,Comedy,Fall,120.0,52.06,14,62.71,65.99,4818781.24,55220639.51
12,52401990.59,Horror,Spring,93.6,74.27,5,66.19,70.27,24221053.9,218571463.36
13,3118785.45,Action,Summer,109.3,35.74,5,74.66,78.17,1522993.96,152929064.09
14,12963854.25,Sci-Fi,Winter,75.0,28.17,6,35.67,28.37,5795289.17,50170222.88
15,25816872.11,Animation,Spring,120.3,65.3,8,100.0,100.0,8775816.31,181586682.44
16,1638527.34,Romance,Spring,118.5,44.17,7,71.65,75.37,494396.56,40864769.13
17,25533094.87,Fantasy,Fall,127.3,30.99,7,54.98,85.45,7579755.1,165106586.33
18,6934331.64,Sci-Fi,Winter,104.7,49.39,3,50.94,49.35,2167920.56,132171446.12
19,12720769.87,Romance,Summer,100.7,56.17,5,95.22,100.0,4470281.59,114075510.27
20,23936577.42,Action,Fall,132.7,65.03,4,75.91,62.38,9084001.08,269493165.41
21,125323392.49,Comedy,Spring,109.2,65.59,5,57.24,81.57,24399387.4,385623333.67
22,11531012.2,Animation,Fall,132.0,71.51,7,72.2,81.09,5566163.74,166421482.92
23,50419872.95,Sci-Fi,Winter,152.9,48.15,12,63.74,62.67,23302246.03,129609320.83
24,2979026.79,Romance,Fall,81.9,40.63,6,56.8,53.61,570740.63,39861555.55
25,8091139.28,Action,Summer,81.6,38.06,6,59.32,74.44,1427293.89,88640852.08
26,38246120.96,Action,Summer,113.7,98.8,5,47.88,56.98,9880298.87,809838071.28
27,3428877.38,Drama,Fall,146.6,78.59,9,52.96,58.03,1437198.85,71070454.99
28,7115728.36,Action,Spring,94.4,37.56,4,,13.2,3137894.04,76104751.25
29,23094015.67,Sci-Fi,Winter,136.8,2.82,11,50.17,65.57,5872480.44,86193843.47
30,24320028.19,Horror,Summer,121.7,24.54,6,78.09,72.19,9576631.58,132841100.89
31,28852791.91,Comedy,Summer,99.4,29.39,5,40.48,30.85,5259913.16,88952991.3
32,37374144.17,Thriller,Fall,97.6,40.27,7,68.69,83.91,17316277.92,94318806.79
33,2502770.93,Comedy,Spring,,39.87,2,38.67,34.39,1155490.67,44995697.6
34,248426465.77,Drama,Summer,97.5,63.03,8,84.7,82.3,79678672.54,481751915.04
35,15453928.34,Thriller,Fall,93.4,60.41,6,59.25,70.59,5329550.1,103041105.77
36,6327494.66,Sci-Fi,Winter,73.9,22.45,4,60.72,99.13,1063893.8,36966141.66
37,29188275.84,Animation,Summer,89.7,100.0,8,50.93,58.14,4869571.28,441921210.93
38,10320818.62,Sci-Fi,Spring,103.6,65.87,8,75.52,80.74,2386941.58,270624307.16
39,5535555.41,Sci-Fi,Fall,115.7,58.3,7,68.53,60.44,2271687.88,77875267.17
40,9370694.75,Fantasy,Summer,115.2,10.1,7,70.14,,3754487.64,180173887.37
41,9363796.2,Fantasy,Spring,81.0,71.27,4,37.48,31.98,4415616.86,134271713.56
42,7327472.44,Fantasy,Summer,106.3,48.41,5,52.95,38.94,3007834.95,193285896.2
43,37410842.92,Fantasy,Spring,70.0,50.4,5,69.42,74.34,11096950.4,132326801.9
44,15970435.9,Romance,Spring,80.3,54.26,6,66.44,87.64,4348517.32,74171146.49
45,45992628.14,Thriller,Summer,90.0,100.0,5,89.25,84.3,21345208.31,408408853.03
46,41006708.47,Animation,Winter,,69.43,1,43.06,41.77,15519445.54,257156173.41
47,18965217.58,Thriller,Summer,115.1,87.93,3,44.89,29.86,8770182.27,335133166.58
48,10198343.9,Fantasy,Fall,108.1,45.49,9,75.24,79.46,3358928.38,65688281.17
49,17680130.24,Adventure,Spring,106.3,55.37,2,65.21,50.66,6081298.28,188361648.49
50,9187577.69,Animation,Winter,97.1,73.23,8,46.25,53.02,1597603.97,138401997.64
51,27545883.28,Horror,Summer,74.9,96.63,4,55.43,53.52,8917378.84,199254218.53
52,3631572.61,Fantasy,Summer,83.4,88.1,3,49.44,66.26,1767611.95,146642007.44
53,47252945.37,Action,Winter,112.4,71.33,8,69.28,79.44,10074392.73,283646227.61
54,11851230.19,Sci-Fi,Summer,106.9,82.14,6,54.61,49.34,5448596.26,582432903.62
55,23065012.95,Animation,Winter,71.4,41.99,4,,81.64,11040614.96,262777499.31
56,255178818.8,Horror,Winter,97.0,41.45,4,37.18,19.85,114444545.61,518879067.68
57,5132969.56,Action,Fall,104.5,66.26,9,37.01,40.47,835935.81,103663399.37
58,9715769.11,Sci-Fi,Winter,86.5,70.92,5,75.73,70.65,4441187.87,134432718.77
59,25582219.79,Adventure,Winter,106.0,36.88,1,74.62,76.8,8606137.12,161433630.25
60,39754923.19,Sci-Fi,Fall,110.7,92.3,7,72.31,63.28,18904723.13,189634757.08
61,13995079.44,Animation,Fall,121.1,44.16,1,69.58,93.39,3366389.22,139750278.19
62,10730278.81,Action,Summer,92.4,47.18,4,49.94,64.19,2262089.95,214887954.59
63,11325985.74,Action,Summer,146.9,43.27,6,88.66,92.31,5442207.19,110156137.21
64,36670907.61,Animation,Fall,100.1,40.53,5,70.97,71.84,9504483.06,331478811.48
65,15896775.3,Comedy,Spring,105.4,74.01,9,54.86,74.85,5063644.71,139388411.52
66,14017628.22,Horror,Spring,81.4,57.56,4,49.78,52.71,4457305.69,64416270.68
67,5057213.73,Adventure,Fall,109.0,54.93,3,42.62,50.13,914107.94,46991836.78
68,29365401.26,Horror,Spring,90.4,62.04,10,61.99,92.38,10088498.53,121321789.75
69,11477467.25,Drama,Winter,85.7,68.01,8,83.51,72.78,3900818.36,107834502.29
70,11038346.44,Drama,Summer,76.6,62.98,5,69.71,77.4,3350308.1,149944983.17
71,28339360.92,Comedy,Summer,132.7,29.46,8,36.77,33.32,8587049.85,113556806.68
72,6890737.35,Thriller,Summer,115.5,28.5,3,76.1,61.67,1605264.45,109098684.94
73,1462015.8,Romance,Winter,115.1,49.81,5,78.51,93.67,462173.61,76084443.43
74,10225867.96,Romance,Spring,99.0,55.97,3,49.69,52.41,3349300.86,73011132.69
75,2679361.44,Sci-Fi,Summer,120.1,12.57,3,64.39,70.16,554182.14,55374844.8
76,26747124.54,Romance,Fall,91.7,54.38,7,90.05,81.98,10108582.02,160782327.57
77,35417548.32,Comedy,Summer,102.0,49.76,9,52.38,69.14,9383292.55,129632867.54
78,166984314.42,Sci-Fi,Spring,132.2,11.98,2,86.52,100.0,54295928.06,805421540.29
79,3177071.08,Comedy,Summer,77.1,75.45,6,96.6,98.56,1507399.79,156646430.18
80,22509377.95,Romance,Winter,87.8,95.98,9,64.17,73.12,4830620.45,124888317.66
81,5927519.83,Fantasy,Fall,107.0,45.77,2,77.28,85.25,2120502.05,196080905.94
82,3729372.11,Thriller,Spring,96.1,40.63,7,73.42,86.03,842311.99,66612484.92
83,2701606.74,Drama,Summer,115.4,84.19,9,34.72,43.35,952141.91,80182815.45
84,2434736.5,Thriller,Summer,141.6,26.26,6,41.67,66.94,561913.36,72573444.09
85,31468502.75,Comedy,Fall,,49.79,5,85.9,79.92,9680650.08,144910905.4
86,4405903.74,Thriller,Summer,103.7,79.26,5,62.13,75.62,716647.27,172303215.14
87,3827226.26,Comedy,Spring,95.6,81.2,8,60.59,76.22,1415241.37,47552794.05
88,27671921.9,Romance,Winter,99.6,46.32,10,51.84,47.25,8782567.37,95366826.94
89,20007732.07,Horror,Spring,94.1,65.8,4,40.76,47.55,9889574.34,83926437.64
90,6282347.25,Adventure,Summer,98.8,73.75,4,82.82,99.23,2534996.94,241760164.14
91,55316967.14,Drama,Spring,103.7,72.57,2,71.43,69.88,18661651.6,156772171.0
92,12805923.65,Comedy,Summer,101.3,71.32,4,40.38,54.17,5554442.28,101314083.98
93,7018218.63,Fantasy,Summer,130.8,42.89,5,87.39,100.0,2616633.25,145557712.62
94,7536187.84,Thriller,Fall,108.5,76.86,2,68.63,64.4,3745906.96,43566979.35
95,53988119.45,Drama,Winter,124.4,74.92,6,48.65,46.65,26398628.65,159854827.99
96,36571914.43,Thriller,Winter,109.4,100.0,2,66.32,,10298560.09,171609555.75
97,8604602.18,Comedy,Fall,103.4,59.21,13,57.53,66.45,4113738.32,87150797.97
98,8190796.06,Sci-Fi,Summer,121.7,79.77,10,60.32,62.31,1935793.1,209603829.33
99,21268797.97,Thriller,Winter,126.3,77.0,9,47.13,62.05,8240225.44,164322237.19
100,97919888.33,Romance,Fall,102.0,59.49,3,73.99,60.68,41906683.15,306274873.35
101,8109455.89,Horror,Summer,116.1,69.69,4,45.1,63.18,1639325.76,67267768.4
102,16147044.29,Fantasy,Summer,139.6,32.17,4,57.1,,4802725.48,172304581.71
103,37322368.19,Romance,Fall,127.5,62.12,7,,60.79,10521920.46,140359115.02
104,4314300.18,Sci-Fi,Summer,109.0,59.11,6,54.32,68.52,2091637.95,224042207.84
105,21650188.08,Romance,Spring,105.6,38.19,5,46.16,52.38,6362632.2,49910620.75
106,4549737.33,Comedy,Summer,112.8,49.83,8,73.9,82.59,2222886.38,96983939.46
107,29392730.11,Sci-Fi,Spring,101.0,75.35,5,99.95,100.0,9395201.02,158297663.4
108,1089004.27,Adventure,Summer,89.8,67.38,4,90.86,88.32,261924.36,198676962.38
109,20902664.57,Horror,Summer,105.0,49.16,3,36.55,52.15,7076505.73,112588433.1
110,5988250.68,Horror,Summer,105.9,27.85,4,56.06,73.65,1308697.96,38798883.42
111,22255207.39,Horror,Summer,87.6,70.78,3,55.92,77.19,9728466.16,114489394.76
112,21298122.41,Romance,Fall,99.2,33.85,7,,58.1,10451203.49,44521204.73
113,4841829.38,Romance,Summer,132.8,81.34,7,58.23,60.36,966865.86,93552699.34
114,124306964.22,Fantasy,Summer,77.5,70.91,4,69.28,63.2,47155703.1,893342315.48
115,1741527.49,Drama,Summer,112.5,75.57,10,40.25,58.53,594430.14,86519956.67
116,9377394.49,Horror,Winter,108.7,65.82,9,73.27,76.83,1557990.77,69835783.79
117,46507384.1,Sci-Fi,Spring,,63.57,4,73.49,79.33,8012027.89,410582022.33
118,8329863.68,Action,Summer,110.6,44.64,5,63.62,67.69,3549194.92,194679505.08
119,159576978.76,Horror,Spring,106.5,57.46,5,68.27,65.93,31757164.67,317016490.08
120,1000000.0,Action,Summer,81.0,100.0,6,49.46,37.05,288878.9,189332817.33
121,5527010.45,Thriller,Winter,115.4,57.07,7,27.57,42.54,2210314.63,60816854.45
122,8611704.66,Fantasy,Fall,112.9,87.24,4,73.45,96.71,1505779.66,116189323.22
123,63287689.84,Animation,Spring,136.5,59.65,3,73.7,84.12,25906400.52,257735677.2
124,20762040.03,Thriller,Fall,148.0,38.28,6,58.46,76.03,6049316.27,69027306.89
125,67775533.85,Romance,Summer,105.0,60.77,9,63.9,55.64,31280710.68,216884809.65
126,3097372.53,Fantasy,Summer,134.3,51.99,8,49.29,48.61,1012559.86,116583955.25
127,2096904.8,Romance,Fall,81.0,38.24,6,53.35,58.52,379268.42,41381193.89
128,26215299.01,Action,Spring,,58.67,6,42.3,45.28,6411913.27,176619457.38
129,20933053.38,Drama,Winter,102.8,67.62,7,50.19,61.47,4109793.33,92526145.3
130,9840928.5,Romance,Summer,115.6,41.69,9,73.1,,2807510.4,66889375.53
131,13029750.01,Comedy,Summer,129.1,97.21,5,42.47,30.86,3050705.35,241592363.44
132,30143831.13,Sci-Fi,Summer,113.9,54.63,7,54.17,70.61,7629909.73,263809056.44
133,17870136.53,Adventure,Summer,112.9,42.62,4,64.7,75.34,6633956.52,101628620.0
134,8801248.54,Drama,Summer,105.6,84.1,3,60.05,53.07,2185803.93,87149292.52
135,10952011.27,Animation,Fall,70.0,67.71,8,41.41,38.62,4259412.71,156503768.89
136,26066153.26,Horror,Spring,75.2,41.09,6,83.36,95.08,10433331.08,86742359.32
137,5698451.71,Thriller,Fall,132.5,49.54,9,48.34,,1627917.06,129607898.37
138,26831967.79,Fantasy,Winter,102.8,43.4,7,47.55,23.44,12155875.74,123339248.23
139,57004114.31,Drama,Spring,103.6,47.07,7,67.24,87.53,14847837.16,198883662.17
140,6022343.68,Thriller,Summer,113.1,57.27,10,55.34,50.03,2813175.61,153614120.87
141,134853391.88,Adventure,Fall,114.3,76.07,4,49.15,62.22,25901632.18,550145762.8
142,5773142.51,Sci-Fi,Spring,124.6,74.11,9,88.79,97.53,2084982.73,154327769.39
143,151952593.89,Fantasy,Summer,118.7,71.8,9,89.72,100.0,73178597.05,937028676.17
144,10305288.05,Adventure,Fall,113.0,38.3,6,91.34,100.0,3203735.82,89282638.51
145,3059148.39,Drama,Winter,104.7,46.42,10,68.83,75.78,662420.89,46942624.87
146,26129495.09,Comedy,Summer,107.6,53.16,12,66.03,87.43,4340627.99,204450330.87
147,12370081.96,Animation,Summer,92.5,54.61,6,52.7,49.91,3554671.27,324093134.64
148,34660833.2,Action,Spring,81.2,18.19,9,84.15,76.13,10432329.43,236575026.0
149,6042810.86,Sci-Fi,Summer,129.2,70.59,8,55.64,71.28,1344383.61,149379383.03
150,58949546.33,Drama,Summer,102.6,45.43,8,74.37,83.54,8842672.0,152370797.6
151,7722720.43,Sci-Fi,Summer,98.2,54.44,4,56.7,48.69,3210135.08,289847322.24
152,8790264.07,Sci-Fi,Summer,119.2,70.67,9,56.23,66.25,4248137.94,302568016.31
153,5299129.24,Horror,Fall,116.6,84.13,5,64.68,64.66,852101.39,111159271.94
154,46923433.26,Romance,Spring,128.8,67.67,6,61.32,48.11,18614753.72,145722994.87
155,2071562.97,Action,Summer,96.9,34.26,11,59.28,69.39,927517.65,103602286.72
156,15818987.76,Horror,Summer,97.2,34.95,5,43.47,40.03,4768925.06,125988038.17
157,17561475.45,Comedy,Spring,109.2,69.02,8,72.83,82.69,3268058.46,124841477.3
158,7224343.82,Adventure,Summer,144.0,32.83,4,35.08,42.57,2609960.51,101406318.18
159,102183440.58,Romance,Winter,97.4,37.28,9,58.63,62.03,37224441.62,135450076.24
160,91399339.32,Sci-Fi,Spring,,37.71,2,85.43,97.3,26474948.44,405518368.22
161,5661332.36,Romance,Fall,107.2,61.33,4,62.84,88.84,2112757.64,106196770.96
162,5023176.72,Thriller,Summer,72.5,64.21,8,39.76,24.63,2489892.54,104488216.05
163,47692077.53,Action,Fall,157.3,39.28,11,39.28,37.69,14563815.99,242248481.02
164,35057015.33,Animation,Winter,109.7,60.04,4,54.36,68.84,15247838.12,256854337.87
165,13065208.69,Sci-Fi,Winter,125.6,22.54,8,65.3,59.49,3416723.71,66011087.83
166,72012164.71,Drama,Spring,112.1,48.52,3,72.04,49.18,28997514.96,112696852.65
167,16326646.71,Action,Summer,132.4,41.47,7,74.45,76.39,4226166.76,149532608.37
168,23999864.57,Drama,Spring,141.1,54.22,9,63.34,69.93,7763867.69,112622148.54
169,8708964.33,Thriller,Summer,84.3,52.36,4,62.65,99.1,3221874.91,77570904.59
170,46557777.81,Adventure,Summer,126.4,76.28,4,58.51,59.17,14876166.74,483073787.8
171,13976589.1,Adventure,Fall,111.2,71.97,4,26.3,27.76,6974511.17,241735926.07
172,31800363.52,Drama,Winter,139.8,37.3,4,81.86,90.65,8924276.09,95041726.88
173,68084257.75,Thriller,Summer,118.3,70.02,6,69.36,77.92,31855260.55,413931394.71
174,113929177.41,Fantasy,Fall,132.2,53.15,5,41.74,56.95,37308487.57,305129269.83
175,1982631.42,Comedy,Winter,70.0,53.37,8,,85.62,341209.09,80853753.15
176,30466624.5,Animation,Fall,123.9,42.17,9,66.83,72.64,12420636.79,118236983.17
177,24549311.05,Comedy,Fall,79.3,70.14,5,69.19,73.72,10416478.6,131790244.2
178,63617145.33,Sci-Fi,Spring,122.6,76.43,10,90.3,99.71,14254856.9,189638455.69
179,31706561.79,Horror,Fall,108.8,68.09,6,60.09,,5530582.84,121493487.08
180,27212009.14,Animation,Summer,92.4,94.74,3,52.04,75.69,12064559.66,539802240.74
181,53897237.4,Drama,Summer,116.0,42.05,4,63.28,70.26,19710762.59,162264911.51
182,55622763.09,Animation,Summer,99.9,42.94,8,50.45,64.21,14301614.28,446996988.97
183,12061732.8,Animation,Spring,79.0,45.18,6,55.73,53.37,3073138.71,172271589.69
184,3302835.63,Animation,Spring,89.9,58.99,3,64.3,75.7,1208925.64,161306392.25
185,21526171.4,Fantasy,Summer,89.9,53.09,4,33.36,24.13,8691237.48,83944642.69
186,17740438.71,Thriller,Summer,89.2,55.33,7,54.72,51.15,5851643.92,263801404.34
187,118990027.91,Action,Winter,142.5,99.38,6,57.61,51.71,25463059.57,431535250.67
188,4345498.01,Romance,Fall,114.4,79.36,5,52.3,44.07,983701.84,91292371.53
189,64634415.16,Romance,Summer,143.2,52.05,4,52.01,58.72,30609751.45,326995933.45
190,7515275.98,Sci-Fi,Summer,119.2,1.0,6,52.5,50.31,2470295.75,37889967.33
191,20493481.27,Fantasy,Summer,91.8,69.46,10,53.19,68.77,4507427.36,338316734.96
192,50651692.77,Action,Spring,113.6,26.31,5,44.14,34.34,8333454.99,156946399.11
193,38113154.83,Romance,Summer,100.9,37.22,3,74.33,89.84,18924633.34,246034304.93
194,14962691.19,Thriller,Spring,114.6,27.23,5,56.74,64.91,3674301.54,77072089.4
195,29473161.61,Drama,Summer,87.7,20.85,7,36.7,31.66,12992718.96,46111521.6
196,20818266.51,Action,Winter,112.6,63.3,4,50.34,44.39,9483902.62,175898779.9
197,24480510.21,Thriller,Spring,120.1,58.54,4,46.32,69.52,3950057.77,144389999.94
198,2150554.36,Animation,Winter,121.6,53.68,2,66.76,66.8,493084.63,184137031.64
199,23500195.55,Fantasy,Spring,118.7,11.71,4,55.07,41.84,10441561.03,31350952.98
200,6676029.71,Romance,Summer,,44.33,8,63.39,63.11,1560187.42,91453284.67
201,32154750.87,Drama,Winter,70.0,78.18,5,54.96,80.78,12230250.44,73988141.14
202,9046739.47,Horror,Summer,99.2,92.02,4,62.42,40.34,2359438.2,100841992.33
203,6541412.67,Romance,Summer,146.4,70.5,7,68.3,72.62,2158230.56,156859783.81
204,76929264.5,Thriller,Winter,96.2,81.16,6,42.32,67.11,30065183.2,306785846.67
205,11802544.11,Animation,Winter,129.0,72.05,9,59.9,59.38,2087664.74,106064679.59
206,9712960.77,Romance,Fall,99.9,43.12,3,58.41,61.22,4133643.65,54009788.74
207,2175547.71,Horror,Fall,116.8,34.61,7,74.02,86.64,1034776.31,35848776.16
208,30863829.01,Sci-Fi,Winter,94.5,54.78,6,50.14,47.86,6241817.89,175829638.67
209,22408225.74,Romance,Winter,102.2,19.48,6,73.91,82.57,10224678.8,51594797.28
210,16876105.7,Horror,Winter,102.5,38.29,2,61.05,69.0,3224147.12,20522960.92
211,9335591.98,Drama,Summer,124.2,100.0,9,50.74,44.31,3901130.83,101221880.79
212,8900193.23,Drama,Winter,127.9,73.03,8,85.33,100.0,2016337.54,89882017.51
213,7110870.21,Romance,Winter,116.8,23.11,2,85.4,95.6,2268010.03,47348804.54
214,44375069.44,Horror,Winter,84.9,58.69,3,74.07,59.05,20902602.37,182039494.48
215,38618247.4,Horror,Fall,124.0,72.47,6,52.54,55.59,6366776.82,95968602.97
216,5575232.7,Animation,Summer,102.4,59.63,5,69.7,63.7,1332862.33,266330011.87
217,63427496.35,Thriller,Fall,114.5,86.17,5,43.69,39.15,10975120.78,214269526.7
218,12823546.93,Fantasy,Summer,70.0,60.43,6,75.86,76.97,6387914.71,271200562.95
219,145349501.38,Adventure,Spring,89.7,47.77,5,66.25,73.6,49494515.51,378405924.83
220,6980863.79,Romance,Summer,79.5,88.8,5,76.34,93.47,1871262.37,170815832.11
221,4737375.61,Sci-Fi,Spring,134.6,35.71,6,84.43,88.37,813468.35,94878133.06
222,4119879.02,Drama,Summer,76.3,19.12,8,39.67,74.0,1456821.47,35059398.41
223,11726453.29,Action,Winter,111.5,85.01,3,73.63,74.67,2971644.78,136174119.0
224,6275660.11,Adventure,Spring,101.2,50.57,6,42.76,75.02,2761469.41,100245351.95
225,4968187.54,Animation,Summer,77.6,80.38,3,66.52,77.86,1339654.63,346457803.86
226,54237340.01,Action,Summer,78.0,50.59,7,56.03,51.85,12277219.35,422116366.97
227,26022593.51,Animation,Summer,108.0,100.0,4,73.34,95.14,8670480.42,434071268.29
228,9564128.97,Animation,Spring,101.7,45.45,4,41.17,43.8,3127411.45,112829287.85
229,8314328.39,Animation,Summer,103.6,2.02,10,80.27,98.54,1383841.36,132875561.48
230,51768537.31,Comedy,Summer,95.4,90.63,3,44.92,50.55,25216747.51,331111320.4
231,25287458.17,Sci-Fi,Winter,99.3,65.23,5,89.03,94.57,5781473.82,170405616.26
232,7533510.75,Animation,Summer,126.5,39.57,6,80.95,98.39,2629144.7,260281245.31
233,7725520.55,Drama,Spring,86.5,51.04,6,91.02,79.26,3165879.59,65260402.34
234,4654254.11,Comedy,Winter,134.5,44.1,4,82.84,76.7,1217859.01,74305253.42
235,6943052.15,Romance,Winter,103.8,59.11,1,44.49,38.82,1346128.48,86180904.5
236,18849221.23,Adventure,Winter,131.5,59.49,7,73.56,68.78,6489727.03,104617682.34
237,2847462.89,Adventure,Winter,111.9,40.62,6,36.55,69.2,1087900.31,46222376.79
238,9461448.97,Fantasy,Summer,103.7,26.84,2,76.23,76.51,2600005.84,66805471.17
239,3319969.54,Animation,Spring,101.7,55.68,10,,66.94,860756.58,71514370.93
240,2684267.22,Sci-Fi,Spring,97.3,66.93,9,50.49,43.61,636141.64,109970992.77
241,6778606.31,Fantasy,Summer,127.7,46.41,3,73.25,73.54,1437027.26,107275870.73
242,9513317.2,Sci-Fi,Summer,123.8,67.62,9,68.84,80.31,3544819.62,275598123.17
243,22224183.09,Action,Summer,117.6,43.14,9,64.72,70.59,8244762.83,217586803.86
244,15652648.22,Adventure,Winter,117.0,58.78,3,34.89,37.25,2693749.82,86153918.98
245,2653073.72,Sci-Fi,Summer,144.9,82.99,7,54.27,70.03,1322575.98,105540187.25
246,9745916.76,Drama,Winter,83.0,40.71,4,67.82,73.23,2651777.87,33776458.55
247,58126190.18,Fantasy,Winter,101.0,41.15,5,30.47,,18549882.37,250504415.29
248,11248545.02,Romance,Summer,128.3,46.69,5,69.71,76.1,2415311.26,58852477.18
249,22400719.72,Drama,Spring,109.0,67.25,11,71.92,97.43,4449920.26,93845667.64
250,12227905.99,Fantasy,Summer,114.2,35.13,5,44.76,50.18,5242766.01,65771705.76
251,62181432.01,Romance,Winter,101.2,42.56,8,51.69,72.21,20386157.71,151090812.97
252,70986070.78,Fantasy,Summer,137.7,86.06,13,22.77,28.64,24670384.26,554457518.9
253,1300380.21,Action,Winter,70.0,61.66,3,24.83,43.18,525159.17,99916293.36
254,8911522.77,Adventure,Winter,94.2,54.86,5,56.77,65.6,4095446.73,202781167.22
255,35578081.04,Comedy,Summer,77.8,59.17,1,57.61,94.74,12546178.43,191084603.22
256,14226822.7,Sci-Fi,Fall,92.5,33.12,7,73.18,88.57,6281541.82,159137537.4
257,34735047.25,Romance,Summer,122.4,48.35,5,76.41,67.78,14320541.06,180498790.02
258,13470335.84,Animation,Summer,104.0,56.54,10,,33.89,3848384.76,125387456.54
259,77873026.12,Horror,Summer,123.2,17.79,4,72.96,82.51,22409710.12,374127935.02
260,66471165.23,Romance,Spring,88.1,70.73,5,51.87,65.04,26356970.99,268036267.4
261,21137600.78,Animation,Fall,113.4,21.21,3,62.9,97.72,7613850.87,182931532.72
262,4881095.91,Romance,Fall,114.4,62.31,3,50.61,49.08,1209890.48,34127502.96
263,121544422.88,Sci-Fi,Fall,94.5,21.22,7,52.93,33.0,57391764.44,311256000.03
264,53730702.95,Comedy,Winter,86.0,34.5,7,52.19,65.81,15168065.33,154391320.68
265,53505724.02,Animation,Winter,105.7,44.58,4,36.29,33.15,14894892.0,187013233.67
266,19946925.41,Comedy,Fall,130.3,33.72,7,74.93,90.41,7253241.7,94094930.24
267,31666524.56,Drama,Fall,166.3,52.91,5,65.9,88.45,9254408.42,130037586.99
268,5349495.78,Fantasy,Summer,87.2,53.34,6,78.18,86.95,2666342.97,143764140.77
269,9557324.37,Action,Fall,103.9,67.67,3,49.53,70.26,4394778.94,125222331.34
270,5388695.47,Romance,Summer,115.8,42.44,8,16.62,12.45,1561073.47,41413695.72
271,64758801.62,Romance,Fall,127.7,53.75,8,63.65,55.64,26540065.86,299020170.29
272,72858148.48,Sci-Fi,Spring,86.7,59.46,4,75.84,88.48,17467344.73,214903515.18
273,52438812.17,Thriller,Spring,110.9,11.58,11,52.31,53.55,10773911.23,120884175.63
274,57597107.17,Sci-Fi,Spring,110.2,78.88,5,83.48,86.13,25180915.38,218740949.11
275,13140628.81,Adventure,Winter,129.5,35.56,2,74.73,73.99,4122244.37,114825952.98
276,12287491.79,Drama,Summer,128.7,20.84,11,99.57,84.8,3043032.99,82139570.11
277,4634336.0,Drama,Fall,70.0,38.51,2,,84.02,1851458.15,63256908.41
278,10298318.58,Action,Fall,110.5,48.22,9,35.36,70.5,2363890.14,118472388.36
279,5797421.09,Comedy,Winter,117.7,61.22,2,65.18,72.31,2486083.18,37040696.79
280,2216038.85,Sci-Fi,Spring,110.6,1.0,9,68.87,46.74,1004909.49,16497069.48
281,126344169.51,Drama,Summer,112.9,45.32,4,73.85,74.56,55289894.76,299797097.26
282,7585269.2,Fantasy,Spring,90.7,53.64,7,65.46,64.97,2720456.25,112512609.8
283,2863449.77,Romance,Fall,105.8,79.13,4,37.09,61.89,647450.41,53966051.52
284,3027117.58,Horror,Fall,70.0,76.67,5,45.24,37.11,700297.67,83421412.39
285,18739911.33,Horror,Spring,106.0,33.04,7,57.47,33.63,5413515.57,126955176.98
286,37761368.66,Drama,Summer,73.9,58.4,4,74.33,68.05,12327066.43,120111677.15
287,9356245.32,Adventure,Summer,73.3,44.93,5,47.03,71.17,2273054.51,155757097.01
288,12768889.93,Comedy,Summer,93.9,62.92,4,32.87,9.41,2392240.51,266804157.69
289,9371027.5,Horror,Summer,97.7,66.52,7,57.76,66.61,1486484.31,106271691.66
290,19772962.44,Sci-Fi,Spring,97.7,55.79,6,75.74,82.43,8675631.7,141086791.54
291,3176977.78,Romance,Fall,130.8,40.06,8,60.65,69.86,520798.77,33459048.83
292,49145102.89,Thriller,Fall,109.6,55.15,7,85.93,88.14,19768803.86,175113244.71
293,5575599.6,Comedy,Spring,112.0,64.61,3,82.45,100.0,870487.0,101002439.57
294,48843838.62,Sci-Fi,Spring,75.8,69.94,6,80.98,96.18,23784820.03,343871093.2
295,2420652.71,Romance,Spring,128.8,76.35,4,,67.6,1171300.26,69888502.31
296,14114063.24,Animation,Winter,78.1,63.41,5,51.33,66.61,5845898.36,266062029.81
297,12304297.43,Drama,Winter,,66.08,6,54.71,60.83,3865652.33,40466662.02
298,12046567.67,Horror,Winter,91.7,46.65,3,65.16,64.31,4572121.39,93882557.77
299,23328042.4,Animation,Winter,70.0,50.45,2,43.68,72.02,5346718.9,129237501.85
300,16849002.66,Comedy,Winter,111.7,85.47,9,39.5,42.97,7906780.05,118020584.76
301,13425584.47,Romance,Summer,104.0,34.89,6,65.4,67.47,5865462.66,107682227.91
302,4312282.71,Horror,Spring,125.1,56.96,6,57.74,54.94,1040258.77,75080494.43
303,3970611.41,Drama,Summer,104.0,48.23,4,57.42,60.16,1580320.18,101892841.62
304,4433375.47,Adventure,Summer,110.0,21.14,5,70.44,82.54,1051060.1,124284854.13
305,6539742.81,Horror,Winter,96.6,37.49,8,77.23,82.9,2023319.37,45499400.13
306,4111925.63,Animation,Summer,,39.02,4,30.29,27.45,1625857.36,110099351.8
307,4541501.44,Animation,Summer,106.6,69.13,1,54.0,77.96,1664739.33,234432602.17
308,21939636.09,Fantasy,Fall,107.3,99.31,4,68.35,91.13,4983910.16,163415547.63
309,27084960.97,Comedy,Summer,70.0,30.3,5,74.36,90.54,10446585.62,212933901.59
310,73893702.07,Adventure,Spring,96.0,34.26,4,69.98,59.72,11267469.41,205552122.91
311,59566406.52,Fantasy,Fall,125.8,70.78,4,63.95,62.33,10616783.83,267681494.2
312,25117806.91,Fantasy,Fall,121.0,66.33,4,51.67,85.33,9439335.36,230951567.15
313,16759297.34,Animation,Spring,98.9,62.6,7,58.01,64.82,7558095.34,274768544.37
314,6138125.92,Adventure,Fall,110.7,27.7,9,70.52,88.77,2760031.45,70647196.18
315,5275987.2,Thriller,Winter,107.6,55.62,8,58.07,56.51,1325316.65,61557506.06
316,6285166.22,Animation,Fall,113.0,52.72,8,39.28,69.94,2998584.21,199404842.24
317,1469843.97,Romance,Summer,106.6,49.69,5,54.0,64.84,504302.48,33656595.98
318,5858803.43,Comedy,Spring,98.3,19.17,5,59.7,66.09,2759360.92,47333215.16
319,10061891.28,Adventure,Winter,127.3,36.21,4,77.36,81.61,4760784.94,104937092.96
320,8072984.99,Fantasy,Summer,108.9,59.29,7,86.21,100.0,1778070.87,230907457.11
321,68117105.63,Comedy,Summer,129.4,13.91,5,95.3,100.0,14351499.2,198596106.57
322,13377555.33,Animation,Spring,152.0,65.98,4,64.87,65.32,3314541.1,83389339.6
323,3726586.59,Romance,Summer,114.7,42.84,4,44.78,56.79,946645.93,75282961.22
324,15539483.94,Sci-Fi,Winter,129.4,72.33,9,48.46,55.28,5407891.28,75148899.75
325,8485039.32,Animation,Summer,86.9,60.36,7,47.65,65.4,3185916.37,175711270.29
326,7032035.67,Animation,Summer,96.4,55.04,3,86.49,92.95,3249894.63,133420355.39
327,155093708.45,Fantasy,Spring,127.9,74.39,6,67.07,83.86,42263408.39,393990934.71
328,68229208.09,Action,Fall,141.9,57.78,5,77.66,83.67,12267630.23,207166490.62
329,35351167.24,Comedy,Fall,102.2,48.47,6,72.47,65.37,9957245.35,62798440.68
330,101878282.2,Action,Fall,,32.79,4,40.63,34.48,18017499.18,565701536.22
331,5580560.55,Adventure,Fall,70.0,61.25,5,86.74,79.96,2097359.79,90812917.4
332,11249645.72,Horror,Fall,130.6,33.59,2,73.71,83.69,3446602.18,48070187.33
333,8696235.92,Comedy,Fall,113.8,23.12,7,56.85,67.95,4080905.68,47661781.99
334,46148153.86,Sci-Fi,Summer,137.2,61.2,8,67.83,96.33,20635853.79,198105457.49
335,22159908.85,Action,Summer,136.8,57.11,3,64.54,60.09,4915666.78,261921659.4
336,33198556.47,Animation,Spring,105.9,55.63,5,84.11,96.43,13362658.17,161977756.6
337,99594120.85,Sci-Fi,Summer,151.1,20.33,2,63.32,79.8,48710004.71,1136753493.4
338,14635793.72,Romance,Summer,99.6,42.21,11,62.21,63.99,6275215.39,59296859.52
339,15917974.76,Horror,Summer,89.5,59.93,3,45.07,57.81,4524893.87,115467953.92
340,7674923.56,Fantasy,Summer,,74.19,7,57.93,47.61,2654494.34,228205900.69
341,25972583.83,Sci-Fi,Winter,118.5,55.81,6,81.49,79.6,4501852.38,211523578.38
342,41758021.3,Drama,Winter,102.5,46.6,5,55.62,70.65,20448658.11,183622081.0
343,47138110.45,Animation,Fall,,70.98,5,47.25,57.52,7097133.5,136697152.08
344,20601702.12,Action,Spring,,46.71,5,45.07,52.7,9724278.58,126390953.96
345,29810075.61,Thriller,Summer,115.1,55.11,6,76.18,92.09,9509637.31,299674172.57
346,30375820.55,Action,Spring,111.5,57.07,6,37.8,35.66,11709546.54,216765253.36
347,104349097.55,Adventure,Spring,110.3,50.5,9,46.07,54.76,39003728.83,904916372.6
348,94443080.31,Animation,Spring,92.3,65.27,5,39.37,42.38,20711467.68,594456555.3
349,2731208.75,Comedy,Spring,99.9,38.69,9,53.99,54.63,1181782.63,40959525.16
350,3370431.57,Animation,Fall,124.5,80.82,5,98.82,86.17,1146686.71,96762426.29
351,86934576.86,Fantasy,Fall,118.3,30.66,9,80.45,93.81,16038681.62,277394366.72
352,5934935.14,Fantasy,Fall,106.6,24.99,6,54.8,51.92,2887585.14,55433746.42
353,4189579.56,Comedy,Winter,104.5,79.98,8,74.76,77.69,1724678.11,138307454.75
354,8099906.52,Fantasy,Summer,104.9,60.12,4,,93.84,3782776.85,133645187.61
355,4596386.25,Thriller,Spring,118.6,20.96,6,51.58,70.22,2096694.34,32270377.35
356,8092511.27,Action,Summer,127.9,22.36,5,46.43,49.14,2441007.51,62237691.79
357,3591403.19,Fantasy,Fall,115.2,76.03,10,68.54,73.88,695123.17,92097329.04
358,37003647.98,Comedy,Winter,110.5,82.02,5,37.31,26.34,13308505.03,64207184.83
359,48706023.06,Animation,Fall,80.5,64.13,5,,50.95,10368437.19,162124425.8
360,5667412.17,Drama,Spring,134.6,30.81,4,45.55,64.45,859800.62,42853668.76
361,1000000.0,Action,Winter,125.6,51.59,3,23.91,11.43,219850.07,62172562.55
362,3379298.8,Drama,Summer,93.0,45.09,4,78.22,99.64,1302092.43,55871801.81
363,17000066.08,Sci-Fi,Fall,130.7,31.67,6,83.21,80.8,5937564.14,109612823.53
364,12261921.63,Fantasy,Summer,110.2,51.11,7,54.06,71.05,4591390.7,148812892.3
365,26210014.96,Action,Summer,107.7,27.52,5,74.51,71.99,7723301.46,213492839.16
366,22440056.6,Adventure,Spring,93.5,91.09,4,61.06,60.0,10078203.25,351805272.99
367,17006730.88,Drama,Winter,124.6,67.75,3,63.88,74.94,4638159.69,95029055.22
368,4156123.7,Sci-Fi,Winter,126.0,85.98,1,71.85,74.02,1699880.49,146861453.48
369,17798785.87,Thriller,Spring,103.6,70.16,9,39.9,57.26,7624123.23,136061787.77
370,14187359.55,Sci-Fi,Summer,125.5,34.09,10,59.61,50.0,3036421.59,136686180.48
371,29758425.85,Horror,Fall,98.3,58.89,1,75.36,68.41,7564221.82,41153238.44
372,18752899.32,Romance,Spring,120.0,48.2,5,46.73,34.41,3252631.93,81385703.41
373,11203222.52,Animation,Summer,106.4,37.55,3,67.22,64.33,4711046.96,180581347.55
374,6235753.76,Drama,Spring,,36.27,9,42.24,51.46,1513328.34,40197247.01
375,5954896.9,Thriller,Fall,110.2,75.94,7,40.44,42.6,2695123.63,89334782.11
376,2303864.78,Sci-Fi,Fall,104.1,52.87,7,35.71,21.66,675830.27,83575907.49
377,3485442.69,Fantasy,Summer,107.7,46.28,8,50.53,66.38,1298602.24,83231738.67
378,7769668.41,Action,Fall,95.2,20.67,5,39.43,58.58,3109000.26,155182252.64
379,79050849.18,Adventure,Fall,70.0,57.92,5,76.95,78.49,15809255.9,476463586.32
380,16122367.13,Adventure,Spring,89.3,72.13,8,65.97,51.49,3492825.77,149204414.73
381,1644960.23,Thriller,Summer,71.9,38.83,5,88.34,100.0,739926.66,80545389.11
382,9604456.66,Thriller,Fall,114.0,54.64,6,45.35,30.48,4424898.37,58338532.27
383,1000000.0,Drama,Summer,99.8,51.12,2,42.57,36.34,262256.58,62516459.24
384,27572910.5,Adventure,Spring,99.3,71.27,4,78.34,98.81,7511720.38,211550902.66
385,112241077.6,Drama,Summer,104.8,51.57,3,66.65,76.19,34665241.22,436263179.67
386,16850785.53,Action,Summer,107.5,35.55,6,60.54,49.75,6558360.62,137723986.23
387,110179591.17,Romance,Fall,122.0,42.01,4,55.8,62.73,27255788.25,277024121.6
388,30703534.52,Fantasy,Summer,145.4,20.64,7,41.96,46.25,10445098.3,244199058.58
389,3396735.5,Fantasy,Summer,105.2,36.11,6,66.17,67.84,1481478.94,61756634.52
390,7139767.81,Drama,Spring,102.3,42.29,6,63.12,69.28,2163362.76,35518250.16
391,13465372.97,Adventure,Winter,113.9,45.85,9,61.66,87.0,6043974.37,149618701.57
392,15085070.67,Drama,Winter,108.9,59.44,10,53.55,59.6,6840747.66,187772514.9
393,29755845.1,Horror,Fall,111.6,19.95,5,47.09,66.26,7434067.03,82140147.25
394,39743067.43,Drama,Spring,135.4,68.68,6,73.29,71.88,6470981.9,38437745.33
395,17026084.96,Sci-Fi,Spring,110.5,40.67,9,72.14,93.56,6936976.05,148682582.82
396,2459466.32,Action,Spring,87.9,44.48,7,71.64,76.39,911618.02,124561574.97
397,16251686.13,Romance,Winter,89.3,38.39,7,86.43,100.0,3442737.85,44429319.06
398,23660216.2,Comedy,Fall,121.2,58.83,5,63.58,62.9,11219626.89,142201815.73
399,24813625.06,Thriller,Summer,92.8,98.57,9,62.92,80.77,4211285.25,111131003.87
400,6608160.49,Adventure,Spring,99.8,58.02,4,89.45,100.0,2647981.57,176596494.75
401,8564061.26,Animation,Summer,126.6,77.67,5,41.79,46.89,4085009.5,250171029.3
402,15467645.02,Action,Winter,124.4,47.69,6,95.82,96.72,5530373.91,179794430.21
403,10691110.18,Drama,Fall,119.7,43.81,5,64.43,65.19,1947862.32,52229523.14
404,6121858.19,Romance,Summer,118.7,44.99,5,62.36,87.59,1909656.98,64591525.84
405,36787676.16,Thriller,Spring,102.9,69.2,7,100.0,97.85,5694975.65,165987053.65
406,15473297.7,Adventure,Fall,129.9,92.58,4,70.8,84.02,7014695.29,218551727.87
407,20422687.85,Romance,Spring,99.1,92.37,3,60.52,78.6,9477239.66,99755124.77
408,3212251.12,Thriller,Spring,127.9,39.56,9,36.19,46.36,691605.61,68206412.16
409,6654930.86,Sci-Fi,Fall,103.1,61.32,3,51.51,38.72,2199994.08,92110676.28
410,83251914.28,Comedy,Spring,97.8,77.72,5,57.69,66.74,17099958.98,248798331.35
411,2966602.62,Action,Summer,100.2,42.25,6,65.97,55.64,1313591.87,150924476.29
412,8356193.62,Fantasy,Spring,102.5,25.49,4,75.34,100.0,3165512.26,150588154.39
413,9587680.37,Horror,Spring,114.7,100.0,8,68.23,71.4,4446540.73,226134477.53
414,3052220.97,Sci-Fi,Fall,117.9,71.59,4,50.53,68.05,898936.81,114897458.72
415,10521887.02,Action,Summer,140.4,98.59,3,53.81,,3911116.32,165408741.46
416,26460224.55,Thriller,Winter,122.8,21.11,5,75.1,96.78,12315666.04,48532870.72
417,17298601.19,Fantasy,Fall,97.2,95.7,4,65.37,69.27,6217240.55,109356083.35
418,11841382.72,Fantasy,Fall,107.5,33.72,3,33.51,34.55,3059875.2,132318605.7
419,5558727.74,Drama,Spring,117.8,66.38,8,63.86,66.36,955304.25,50046939.62
420,143401156.52,Comedy,Fall,94.3,68.81,10,43.69,42.49,47831845.96,562825078.12
421,21508209.55,Comedy,Spring,115.5,63.28,6,67.86,76.16,9292138.07,106907051.51
422,42742425.13,Romance,Winter,122.5,21.92,6,,24.56,13130182.13,84677885.04
423,11717290.0,Comedy,Summer,99.6,63.8,12,33.97,31.18,2702241.32,84410866.08
424,140904412.77,Thriller,Fall,81.2,44.7,10,,74.78,33079312.58,201786393.47
425,14033570.4,Comedy,Fall,107.7,48.9,5,52.45,52.59,3630512.1,98635556.91
426,2118698.98,Fantasy,Fall,79.4,56.15,5,52.16,44.63,981971.47,97316082.87
427,3082865.1,Drama,Summer,76.6,50.68,4,44.75,33.61,1342932.19,57550422.9
428,9929294.01,Animation,Summer,104.2,41.58,5,42.58,52.51,1907296.69,109406375.42
429,28883161.88,Thriller,Summer,76.4,68.14,4,57.91,52.71,6091564.46,153960283.69
430,20781528.68,Action,Spring,96.7,45.03,6,49.95,58.31,5475679.39,67993147.93
431,26518209.0,Sci-Fi,Summer,134.5,64.45,3,48.29,40.03,9461834.15,351459591.38
432,9640292.5,Comedy,Spring,93.7,54.76,5,37.85,59.06,1657674.9,87106307.82
433,4813298.4,Fantasy,Fall,119.0,31.36,5,66.02,74.43,2234020.34,83028700.42
434,27645491.31,Horror,Winter,96.8,62.43,5,,,7414846.95,84831750.06
435,41476664.31,Fantasy,Fall,117.4,40.95,2,57.04,55.67,14111973.66,126808310.12
436,91222358.98,Sci-Fi,Winter,105.2,79.36,9,67.2,78.24,37724565.73,421103172.6
437,25969113.74,Animation,Winter,108.6,54.22,9,79.03,100.0,9810636.24,302626905.37
438,11555061.93,Animation,Winter,86.4,84.4,5,50.67,40.19,4414232.27,175538716.99
439,42539542.23,Romance,Fall,,59.09,11,48.15,26.38,9496983.28,189314915.05
440,1414654.1,Animation,Winter,116.3,48.32,8,70.69,75.44,420121.91,49684904.1
441,5729592.52,Horror,Spring,96.6,35.43,7,86.98,85.44,2754471.09,99786502.31
442,30097517.27,Drama,Fall,94.0,76.83,7,71.74,88.04,10019478.16,182011740.37
443,11842198.98,Romance,Summer,91.3,53.66,2,59.6,65.68,5677120.05,105341676.51
444,3703004.44,Comedy,Fall,114.2,40.41,5,33.35,47.64,928628.1,55959292.88
445,8450137.06,Thriller,Fall,70.0,39.03,5,40.27,48.71,2425919.93,116105482.13
446,77552962.37,Sci-Fi,Spring,73.2,48.82,8,55.01,66.09,34588466.39,386742369.22
447,93142552.78,Action,Spring,,57.95,11,49.79,35.98,23323212.48,225293277.03
448,54108235.7,Sci-Fi,Spring,84.5,35.74,3,49.53,50.22,22811593.76,306425283.23
449,14613606.93,Drama,Fall,109.8,59.8,8,66.1,44.49,5708260.19,46294770.85
450,6005542.93,Horror,Spring,73.8,72.63,11,62.35,52.25,1805703.13,60280989.22
451,29647787.29,Action,Summer,,75.23,7,60.19,44.98,11204252.7,594288447.07
452,94259548.81,Comedy,Spring,70.0,45.62,5,53.94,80.13,19994207.51,294933710.24
453,2827502.33,Fantasy,Winter,109.8,51.54,4,53.46,52.64,1024052.99,85613414.26
454,38854165.75,Horror,Summer,78.2,46.16,3,60.33,58.16,18250922.14,156892753.32
455,4271776.28,Adventure,Fall,94.9,55.64,7,34.11,62.31,1961481.75,113870098.23
456,16935295.77,Sci-Fi,Summer,111.3,63.17,7,76.5,79.58,5195721.8,107188354.16
457,7300110.37,Drama,Spring,108.1,75.22,2,100.0,100.0,1597037.32,57351663.32
458,6634320.29,Romance,Fall,87.5,54.17,4,37.88,49.75,1290464.3,68005202.56
459,7964664.85,Sci-Fi,Fall,109.8,91.94,5,64.77,58.78,2409684.87,129411869.14
460,19445192.34,Fantasy,Summer,97.4,63.65,4,49.24,73.31,4674478.89,192041136.02
461,71931124.89,Thriller,Fall,100.8,46.41,8,40.48,57.6,19072682.01,114264053.33
462,16256125.09,Drama,Spring,146.1,100.0,6,61.46,69.22,6177639.35,112664066.9
463,4061450.0,Sci-Fi,Summer,109.8,52.74,6,72.03,83.99,1637833.74,175424115.18
464,5221758.9,Animation,Summer,124.7,31.59,9,63.05,66.74,1513078.54,91006857.66
465,34750467.76,Thriller,Summer,74.4,69.29,12,56.49,88.42,15297629.31,83334509.83
466,51193299.25,Adventure,Winter,118.0,61.21,5,43.09,54.1,18598825.31,178750301.22
467,9555546.94,Thriller,Spring,71.5,75.07,9,55.45,37.54,2512528.8,128423091.4
468,7450392.33,Comedy,Spring,121.4,82.96,9,78.77,74.85,2926855.97,98402780.85
469,32772092.61,Thriller,Spring,135.1,71.01,4,90.9,77.76,7252499.74,165785880.96
470,102592055.48,Sci-Fi,Winter,114.0,94.95,6,45.27,47.63,19115069.56,429244209.92
471,10979808.21,Animation,Summer,114.0,36.19,5,61.19,54.7,3800366.25,102080330.26
472,24678587.99,Comedy,Winter,123.9,45.7,4,54.33,75.44,11934407.56,57978760.53
473,5222732.16,Animation,Winter,82.7,57.51,10,63.94,63.74,1723942.56,142094354.28
474,31178038.83,Thriller,Summer,124.8,37.47,5,69.91,78.17,7141594.64,152289278.6
475,42835253.41,Comedy,Winter,115.3,52.37,7,44.66,56.58,18414337.63,140938137.13
476,7426275.68,Animation,Summer,124.3,57.38,10,53.39,78.93,3554870.74,248266624.37
477,26261827.78,Animation,Summer,79.7,52.58,6,81.58,73.18,8610132.65,464557349.76
478,4269759.8,Animation,Summer,109.8,29.3,10,59.77,61.69,1045395.7,117076413.53
479,28124532.64,Sci-Fi,Winter,136.3,75.28,3,93.48,92.99,6002283.22,170088121.72
480,23686262.84,Thriller,Summer,118.0,59.9,9,53.75,70.98,8386275.95,228461960.6
481,2348934.17,Drama,Summer,127.7,23.01,9,55.39,53.93,433350.27,34951562.81
482,13401454.18,Drama,Summer,109.6,54.82,9,45.79,,4981821.1,88925105.92
483,5517356.96,Drama,Summer,92.8,47.89,7,82.21,100.0,1261913.83,99900321.04
484,9209268.0,Horror,Spring,110.7,51.98,8,48.4,88.72,3116547.34,99127127.16
485,15154875.9,Adventure,Summer,102.8,41.51,4,72.2,74.16,3698475.59,228382220.92
486,5351969.96,Action,Spring,112.5,44.94,9,77.68,95.4,2105931.58,95765886.93
487,6041551.07,Adventure,Spring,121.0,88.35,8,71.56,58.42,2092094.4,87980240.51
488,26293495.72,Fantasy,Winter,119.1,59.27,7,56.95,68.76,9294180.04,195201135.71
489,12982975.3,Thriller,Fall,106.3,39.56,3,84.98,67.48,4377930.22,116801318.93
490,7996969.46,Drama,Summer,105.9,87.77,5,68.95,45.12,1704350.83,140557746.15
491,10709103.76,Fantasy,Winter,98.7,57.57,3,51.11,,4010426.96,95211663.01
492,16196163.66,Romance,Summer,125.8,19.39,9,82.54,74.87,6542422.28,48316314.52
493,7433795.36,Romance,Winter,83.0,42.89,7,59.52,59.46,2104271.44,65102505.35
494,65796373.35,Comedy,Summer,108.9,55.53,10,73.4,74.35,24013327.56,290355586.95
495,178044489.19,Animation,Winter,,76.0,5,44.74,77.09,32629547.74,659067686.71
496,5622668.18,Action,Spring,108.5,24.37,4,71.82,62.7,1767216.99,85116723.97
497,28690045.64,Horror,Spring,113.1,44.1,7,63.3,65.06,8730360.5,160719265.91
498,41393296.74,Animation,Winter,96.2,26.66,7,33.05,,13556319.54,284649515.07
499,21344755.93,Horror,Winter,148.3,24.49,6,42.69,46.0,5721103.51,55065440.09
500,12925739.05,Fantasy,Winter,120.9,49.82,6,42.91,59.21,2632374.02,150772375.36
501,11037957.05,Fantasy,Spring,108.9,42.78,5,67.59,83.27,2607107.58,156213161.06
502,4676876.69,Action,Fall,130.4,22.1,11,51.42,53.59,2012382.05,78954654.09
503,18981993.45,Thriller,Winter,70.0,38.85,7,54.13,49.49,6298359.73,62055224.11
504,19217995.19,Animation,Summer,136.0,37.79,3,46.68,60.23,8147047.17,142480796.13
505,4422620.36,Fantasy,Spring,105.5,100.0,5,65.93,70.4,1302171.93,178259398.52
506,1531622.42,Thriller,Fall,86.4,50.15,9,77.24,57.63,527212.68,44268074.98
507,13567566.6,Romance,Spring,86.5,58.94,5,50.25,63.13,4766935.47,37277522.52
508,38934294.98,Drama,Fall,100.2,87.91,9,52.22,71.09,18527146.94,250359072.18
509,6565918.67,Comedy,Summer,124.1,36.88,9,,59.42,1763477.12,65810913.14
510,2276145.21,Drama,Summer,112.0,53.24,3,53.15,73.07,367752.84,106838128.98
511,288834612.96,Horror,Summer,120.4,59.2,7,69.23,82.99,143040651.41,1437840251.24
512,35203722.05,Comedy,Spring,142.7,11.83,8,50.54,63.87,10324220.99,185286647.72
513,7715159.89,Fantasy,Fall,133.8,46.38,6,80.34,100.0,3421483.2,114054274.31
514,5295706.3,Comedy,Summer,101.0,56.48,4,77.9,76.31,1752311.45,80427002.94
515,1000000.0,Comedy,Spring,107.6,69.51,8,72.93,60.47,220122.8,92216637.98
516,20223507.03,Comedy,Summer,99.2,73.71,1,67.62,60.43,6985898.4,167397774.24
517,51087845.96,Fantasy,Fall,147.1,53.17,4,59.63,62.85,23893207.28,254834735.64
518,29832062.78,Action,Summer,156.2,52.65,6,46.91,,9411349.68,248398108.8
519,4540078.66,Action,Winter,105.8,53.76,14,72.94,94.02,1633981.82,84708109.56
520,13285664.44,Comedy,Winter,96.2,53.73,10,39.57,21.34,4183504.6,71553697.14
521,8091968.67,Action,Winter,144.8,71.46,8,43.5,57.89,2907192.26,188239531.69
522,9761532.84,Thriller,Winter,105.2,40.02,2,51.66,48.39,4580895.72,74523233.92
523,23965965.12,Romance,Spring,110.1,67.36,7,62.47,78.38,7531339.74,58181644.6
524,39855129.68,Animation,Summer,108.2,68.81,6,22.56,10.24,8044633.29,416545848.37
525,25646846.78,Horror,Summer,133.1,37.79,7,50.19,73.25,7587931.77,173235883.81
526,11907560.11,Thriller,Spring,70.0,23.55,6,51.58,31.1,4043312.2,51614537.66
527,3243011.42,Action,Summer,123.9,78.65,6,72.13,66.68,714332.79,372240426.6
528,38083388.27,Adventure,Winter,148.6,45.32,10,60.83,64.47,16316966.43,183794615.47
529,18215122.43,Drama,Fall,134.7,44.65,6,95.1,86.4,6003695.71,68357038.73
530,10390384.14,Sci-Fi,Summer,148.6,19.09,5,29.75,19.28,1637283.13,76276327.82
531,17797604.43,Horror,Spring,117.0,40.63,4,69.48,69.4,7581657.48,59458663.94
532,23890101.06,Sci-Fi,Summer,127.3,29.56,8,60.13,48.23,6757812.09,318022661.43
533,71358200.75,Drama,Summer,118.5,74.48,5,52.62,65.55,10997567.7,232502042.5
534,52109255.24,Animation,Winter,133.3,63.71,4,62.5,41.49,15701397.42,223362556.13
535,16788824.13,Fantasy,Summer,99.2,62.47,9,79.81,94.44,5909072.64,225790405.56
536,9180301.74,Animation,Fall,107.4,50.95,10,62.62,70.99,2912514.78,237023650.48
537,7272650.47,Animation,Spring,125.5,82.88,5,54.34,40.44,1940090.14,239357105.93
538,1997184.5,Adventure,Spring,89.9,32.82,9,63.05,64.98,350150.34,112783330.86
539,28771633.29,Romance,Winter,139.8,23.99,7,43.97,52.0,10690094.75,41638073.12
540,31033339.75,Drama,Summer,128.9,67.08,10,53.85,59.29,11690202.48,276951088.11
541,2818070.82,Action,Fall,142.4,31.27,5,84.67,,968977.03,57240535.38
542,11492421.4,Horror,Summer,83.3,21.96,6,74.5,82.25,3622159.29,61623235.12
543,4290841.21,Thriller,Spring,105.8,24.88,5,77.83,90.46,1135088.87,40187761.33
544,14976532.51,Romance,Spring,102.0,100.0,8,70.15,79.25,2939504.44,135391286.75
545,27981174.28,Action,Spring,110.0,72.95,4,72.75,82.48,9422990.21,231588956.49
546,20627105.75,Action,Spring,89.9,57.17,3,41.06,58.39,6210955.38,132312402.68
547,8843501.7,Thriller,Spring,118.5,75.01,8,70.63,77.02,4003139.84,97826629.11
548,50038213.89,Sci-Fi,Winter,114.7,22.99,2,47.63,53.83,21858256.6,250523340.68
549,11917283.2,Action,Summer,126.8,38.49,6,52.61,52.46,5838921.9,196236374.83
550,17021738.81,Fantasy,Fall,110.1,100.0,5,82.34,78.47,5229775.41,135637251.21
551,16129018.06,Romance,Fall,109.7,100.0,5,40.05,52.05,4729033.35,163832597.63
552,6157468.04,Romance,Summer,,27.2,9,58.22,56.15,1674191.64,63084926.9
553,11393535.72,Thriller,Spring,110.0,58.53,3,45.84,50.63,4018386.05,67825725.49
554,24441382.97,Sci-Fi,Summer,126.7,58.28,6,64.89,66.19,7591064.21,520463787.21
555,18948808.49,Animation,Fall,133.3,67.51,5,57.46,60.7,6748244.42,233531017.1
556,4652601.55,Thriller,Winter,70.0,72.39,5,46.05,52.5,722103.03,89164313.15
557,9432678.0,Action,Spring,73.3,71.29,8,46.09,48.25,1962111.68,98416403.77
558,54064543.0,Sci-Fi,Fall,91.9,60.4,6,49.69,32.29,26078613.59,353183599.04
559,5661110.45,Horror,Fall,141.8,39.99,7,27.57,31.66,1294483.74,75406741.97
560,11298036.94,Horror,Winter,112.8,47.43,7,65.8,70.66,1872885.23,31634197.22
561,31118915.68,Adventure,Summer,97.3,78.93,7,86.8,100.0,6873036.98,450564466.92
562,68537083.29,Drama,Spring,86.9,29.28,9,69.55,61.48,22890708.64,337873958.54
563,5552968.23,Animation,Winter,81.1,64.6,8,,82.91,940262.84,50342131.62
564,16020903.31,Fantasy,Summer,133.6,46.3,11,,71.46,7661829.15,167984823.7
565,12825475.26,Adventure,Fall,,43.45,7,55.34,54.34,2844296.45,138107836.6
566,58532894.52,Comedy,Winter,146.1,64.49,6,56.2,78.65,19302886.36,115481605.63
567,5362236.99,Horror,Spring,127.4,65.78,8,46.23,68.53,1732887.5,78531186.17
568,8842367.0,Animation,Spring,121.6,59.37,4,57.5,73.91,3167518.08,98211876.84
569,10723225.97,Horror,Spring,133.8,75.44,7,63.17,86.35,2775863.57,138995464.04
570,32254093.54,Drama,Fall,104.8,61.51,4,35.06,54.22,12300101.94,91108231.22
571,19222589.27,Comedy,Spring,87.5,33.23,11,68.42,69.52,4900991.53,113195641.71
572,51691302.41,Fantasy,Fall,135.5,76.08,8,65.19,49.94,8700786.94,360383859.21
573,25113118.55,Drama,Summer,103.3,39.93,4,24.86,23.34,9974291.44,99382868.41
574,13166506.35,Adventure,Winter,147.5,38.89,4,57.61,55.89,6317829.61,89856257.48
575,4054541.47,Sci-Fi,Spring,103.4,77.15,7,68.5,76.83,655583.08,149162176.27
576,19984801.18,Sci-Fi,Spring,80.1,61.13,4,58.59,53.75,3425597.05,181602748.1
577,6410962.56,Thriller,Summer,140.4,57.62,6,73.27,91.97,2815657.59,80076890.37
578,19193599.04,Horror,Winter,108.5,38.07,7,34.46,44.58,5588046.45,66274491.98
579,8171143.93,Thriller,Summer,85.7,70.52,8,67.72,80.27,3193781.92,124310507.98
580,4733189.03,Animation,Winter,117.0,67.32,5,,83.84,729699.49,136374367.26
581,5645825.37,Action,Spring,109.4,64.74,10,71.51,97.67,2803531.28,192356189.42
582,31664850.45,Romance,Summer,120.2,44.3,9,57.27,43.02,6078469.73,130124001.64
583,34145397.51,Horror,Winter,99.7,49.51,5,58.09,86.26,8362297.53,98667632.41
584,67747950.65,Romance,Spring,104.4,37.28,7,63.74,67.82,20260295.38,149610555.32
585,43109962.94,Sci-Fi,Spring,102.3,89.76,5,66.43,67.81,10586880.36,311947587.09
586,3386974.35,Animation,Spring,118.6,77.03,8,38.69,53.24,589999.64,110014089.59
587,8393763.3,Romance,Summer,112.6,28.27,7,68.24,52.16,1601027.35,37744832.41
588,23704297.87,Drama,Winter,95.0,1.0,10,71.91,75.16,7227586.39,47160562.51
589,6415650.25,Romance,Fall,120.3,18.73,5,69.56,70.55,3099152.01,51088603.72
590,5905872.4,Sci-Fi,Summer,121.8,53.14,2,66.77,69.91,1631812.1,131576432.04
591,7888553.76,Drama,Spring,142.1,69.73,7,50.44,62.47,3084584.28,117831506.57
592,21422857.05,Horror,Summer,109.1,79.88,6,36.45,53.52,10490631.28,153893342.49
593,11736055.13,Horror,Fall,156.2,74.19,5,49.97,35.68,2855077.31,110450329.36
594,17649097.27,Horror,Summer,94.9,89.0,8,72.37,85.67,3258121.49,135090193.59
595,59775655.79,Animation,Spring,108.8,51.13,3,73.45,77.6,29594096.64,257666674.45
596,17824204.05,Comedy,Summer,87.5,35.97,8,36.01,42.96,4064650.58,180667154.06
597,11700451.87,Romance,Summer,90.9,50.04,10,57.95,66.28,3760488.82,86847387.3
598,21316027.77,Sci-Fi,Spring,124.9,66.12,5,29.53,47.32,6044181.75,198379857.73
599,85029246.84,Animation,Fall,95.2,83.2,6,,58.01,19431596.86,605492166.72
600,36678049.71,Animation,Summer,120.4,58.73,9,56.58,73.08,12752388.4,673179919.81
601,3767394.94,Thriller,Spring,85.0,75.69,6,34.17,40.35,968021.1,102822648.82
602,38978041.0,Fantasy,Fall,137.4,36.48,6,86.51,94.78,12872222.61,166366859.4
603,9591566.1,Animation,Fall,94.3,57.43,9,56.01,50.83,3787188.02,75345841.77
604,1393197.77,Adventure,Winter,106.1,69.46,11,57.94,51.67,257824.15,146879486.09
605,46632209.06,Comedy,Fall,73.1,59.95,13,73.3,67.5,10797234.47,166695229.45
606,30472526.33,Romance,Spring,155.6,43.88,5,53.0,47.27,11540589.49,139797959.28
607,5825771.13,Thriller,Fall,85.7,70.64,4,59.02,52.73,2170764.61,72686401.09
608,202710923.14,Animation,Spring,138.9,25.98,7,49.08,60.03,70269281.06,583632987.96
609,11166065.15,Animation,Spring,71.5,90.74,9,53.49,52.94,3759260.62,186368995.65
610,7441115.19,Action,Summer,105.0,55.53,10,70.27,70.82,1687220.75,115437685.49
611,40041516.61,Adventure,Winter,127.7,31.57,7,70.34,66.75,9899737.36,263716481.38
612,8941382.47,Romance,Winter,101.9,56.94,9,35.78,46.89,1856761.79,52945821.75
613,28116415.81,Comedy,Summer,117.7,75.55,5,66.01,87.01,4518277.9,138765859.16
614,22271790.38,Thriller,Spring,140.9,56.75,5,44.44,49.99,8249146.62,114207091.78
615,6932727.8,Sci-Fi,Summer,101.5,62.25,2,49.66,53.82,2603795.21,194424569.47
616,1427037.45,Drama,Winter,109.8,47.45,6,57.33,74.66,603617.96,55992798.34
617,19745490.71,Sci-Fi,Summer,128.0,56.76,5,51.1,51.92,5197713.53,398366707.28
618,6199658.39,Comedy,Summer,112.4,47.64,5,43.37,44.05,2795021.11,84600534.25
619,5813670.72,Thriller,Winter,102.0,64.42,1,46.8,54.51,1541990.22,72280081.78
620,13499245.75,Comedy,Winter,108.6,72.6,9,62.96,44.48,2158711.97,64351752.17
621,5028446.06,Animation,Winter,111.6,83.68,5,33.91,34.33,2406142.12,182308620.5
622,9013480.51,Animation,Summer,114.7,56.17,7,73.73,83.64,4240456.76,181103209.52
623,6897755.86,Sci-Fi,Fall,108.1,63.25,8,83.64,90.9,1534022.02,189846608.11
624,4355542.36,Drama,Summer,124.7,60.79,7,47.92,36.17,970913.2,83752453.11
625,9397236.57,Action,Spring,126.6,7.18,6,44.7,55.11,3467170.15,82557453.95
626,2525978.22,Comedy,Fall,102.3,69.62,7,80.06,75.09,404518.25,74348845.85
627,7375346.5,Comedy,Summer,75.5,54.57,9,59.74,91.66,3620404.22,85274756.35
628,28593625.2,Sci-Fi,Summer,97.9,26.01,4,75.71,86.28,5298647.79,304772615.93
629,157035836.45,Fantasy,Winter,102.4,47.48,6,,54.38,32018197.33,333630813.89
630,24251942.44,Drama,Spring,134.8,20.68,3,53.84,54.27,7242245.77,69528310.8
631,27418672.34,Action,Winter,103.5,11.05,7,79.03,85.57,7099170.14,149791148.62
632,4053887.62,Sci-Fi,Spring,132.7,47.37,2,64.53,71.71,1107276.49,123330893.14
633,8929130.58,Fantasy,Fall,70.0,41.79,2,64.54,68.72,3791942.92,52617384.95
634,9417444.69,Action,Spring,129.5,42.36,2,52.1,,3158195.37,188308291.94
635,50413523.27,Animation,Winter,123.5,58.86,9,82.78,80.67,8257057.4,385856457.89
636,21068097.17,Thriller,Summer,,63.8,9,77.66,93.11,6140680.53,154450124.25
637,14291026.54,Fantasy,Spring,129.8,38.37,9,63.06,77.35,5543293.35,177706229.11
638,14232463.58,Sci-Fi,Summer,107.4,72.86,5,,70.38,5624880.77,126343212.72
639,6416032.51,Action,Fall,104.0,55.04,7,39.37,49.4,1106652.28,88025831.06
640,28136519.61,Action,Spring,111.2,5.28,7,58.85,49.62,12212415.83,125533568.04
641,16170686.02,Sci-Fi,Fall,121.9,74.13,2,82.19,91.43,4982291.93,86280865.89
642,37937238.04,Horror,Fall,87.4,58.46,7,66.99,42.32,9259682.5,178900995.64
643,6509217.65,Drama,Summer,117.2,58.53,4,44.72,55.17,2549585.67,107040021.86
644,128480594.62,Sci-Fi,Winter,102.5,51.88,6,78.86,58.99,27433712.31,362616956.45
645,21688865.74,Fantasy,Summer,88.8,60.12,6,42.74,51.22,5973217.62,296220744.09
646,55290006.77,Drama,Fall,122.3,94.23,5,38.92,48.92,18860312.9,211301030.97
647,9434303.91,Romance,Spring,120.1,56.62,3,57.78,69.88,2098941.0,81183398.79
648,40321143.41,Animation,Fall,80.8,55.98,8,79.92,82.84,11327348.72,172455278.14
649,20976166.2,Animation,Fall,128.2,48.79,8,71.49,75.02,7296016.9,183662660.75
650,20834942.88,Sci-Fi,Summer,125.1,85.32,5,81.09,79.4,6956278.41,453823857.39
651,47110115.89,Fantasy,Summer,138.3,59.37,7,74.52,67.16,23016198.79,370998268.87
652,9346859.79,Drama,Summer,88.8,58.18,2,46.66,64.55,4368850.67,74771042.88
653,4114988.35,Thriller,Summer,124.5,5.94,6,56.51,,1446469.32,64753490.38
654,38056635.1,Adventure,Summer,114.5,37.2,4,45.59,67.11,17158799.38,406784477.44
655,14235484.92,Fantasy,Winter,98.5,40.2,4,62.62,63.28,6333982.65,81471724.17
656,49814691.69,Adventure,Spring,125.0,31.55,6,55.32,48.55,20304197.89,144048191.39
657,29770748.45,Horror,Spring,117.5,81.47,5,23.58,42.82,8425198.55,294704891.62
658,34618424.81,Drama,Spring,126.8,71.49,7,46.26,73.9,14087012.93,76058346.54
659,7591532.46,Comedy,Winter,101.7,24.65,4,48.42,61.47,2404345.67,57866949.05
660,5486732.26,Romance,Spring,149.6,38.03,3,60.77,65.86,2233268.57,37899531.0
661,7003241.49,Fantasy,Spring,88.1,32.91,8,,67.36,2888874.32,68880307.15
662,43429423.95,Adventure,Winter,119.2,73.36,5,55.34,63.63,16054582.26,467532684.49
663,103732729.27,Comedy,Fall,137.3,44.78,5,75.64,84.25,15564216.97,151675081.89
664,14157440.98,Action,Winter,116.7,27.49,10,45.99,47.62,6172357.31,107935439.97
665,89654264.0,Romance,Winter,,38.34,7,,52.98,22593204.38,255911195.23
666,23991743.58,Fantasy,Winter,136.2,59.07,7,49.73,57.36,11633089.96,223284272.5
667,6019842.4,Action,Fall,,28.95,8,41.36,42.72,2440859.23,108049283.54
668,256267394.49,Adventure,Summer,136.2,59.69,6,,72.19,105807097.0,995485523.1
669,5839674.78,Action,Summer,104.7,76.55,3,59.73,68.0,2050028.43,292570628.52
670,2247744.4,Romance,Spring,122.2,83.39,10,52.14,55.73,435737.2,76203015.01
671,57713249.79,Animation,Summer,84.5,64.2,3,85.88,81.07,14919316.36,597253412.15
672,52569851.78,Thriller,Winter,106.3,24.89,6,72.6,72.55,21327493.96,84325016.23
673,68051231.12,Action,Winter,126.9,63.2,3,44.27,48.15,30467650.38,206381978.97
674,9072134.08,Comedy,Winter,109.3,55.81,4,73.42,74.36,1498034.28,115980831.77
675,7546749.52,Horror,Fall,96.0,57.83,6,62.5,80.85,3668264.93,53303665.98
676,26546871.18,Sci-Fi,Summer,148.7,44.08,4,52.19,,8974626.11,195403983.79
677,23364585.18,Action,Summer,110.8,30.77,5,51.74,58.17,6197359.11,214548517.77
678,2077042.01,Animation,Spring,143.5,49.34,6,55.9,63.56,953185.84,56262498.76
679,4472212.5,Comedy,Spring,,32.52,8,52.16,60.55,871214.71,62500630.4
680,5341379.3,Thriller,Winter,72.0,65.64,5,69.71,,1697205.26,68379795.37
681,24169712.13,Horror,Summer,113.9,63.93,9,47.71,64.68,6614750.16,236484655.75
682,6100439.16,Thriller,Fall,80.5,56.72,5,60.66,50.73,1048123.8,50640112.62
683,4611291.58,Horror,Summer,131.3,40.15,8,69.78,85.27,1157830.08,94251441.08
684,5441968.45,Animation,Spring,108.7,55.37,8,39.46,58.32,2713348.42,133310458.66
685,5566204.83,Sci-Fi,Spring,113.6,55.17,5,30.78,42.04,2065305.34,85061688.21
686,4649765.88,Horror,Winter,125.7,65.54,6,35.02,63.25,1140007.92,46855747.54
687,46752657.35,Action,Spring,128.9,31.47,6,78.76,75.52,8564649.86,147366213.16
688,3508657.48,Horror,Winter,102.7,43.34,8,46.98,65.41,1671198.08,43788975.68
689,17674096.82,Romance,Summer,97.7,61.65,6,37.05,28.99,8659009.75,96461959.29
690,64463324.67,Sci-Fi,Summer,132.5,48.91,4,66.58,76.61,26533849.71,254132067.23
691,13195186.14,Fantasy,Winter,81.8,58.31,5,74.49,,3485703.33,113828233.51
692,4533943.24,Animation,Summer,93.6,43.74,8,57.8,49.47,1935361.08,175099028.91
693,3514819.7,Fantasy,Spring,80.8,75.19,6,37.28,32.91,1224941.35,244275598.99
694,146204514.7,Sci-Fi,Spring,117.9,54.77,12,47.52,69.25,42945629.76,392329118.86
695,5801873.5,Horror,Summer,84.7,71.52,4,64.82,60.14,2819155.83,106904970.43
696,33962331.64,Sci-Fi,Fall,117.9,43.34,5,76.91,52.95,16504838.76,209397776.13
697,5716330.04,Adventure,Spring,123.4,68.02,4,80.06,84.56,2095266.88,73166368.99
698,8589185.71,Thriller,Fall,87.8,70.23,7,78.31,,1368855.99,41815839.54
699,5197200.95,Romance,Winter,113.9,40.97,7,46.42,,2261839.81,41639985.82
700,68664845.11,Thriller,Summer,114.9,73.99,8,34.27,32.02,16148557.05,148392160.2
701,12185567.45,Adventure,Summer,101.9,54.54,7,62.2,76.5,4887043.01,203339137.09
702,21203272.43,Drama,Spring,97.2,65.29,4,64.44,86.91,8656638.12,50020755.44
703,11187530.14,Animation,Spring,79.6,55.92,7,71.23,83.9,2834718.22,110749759.45
704,20693935.73,Adventure,Winter,96.5,22.37,3,78.44,89.63,7301156.73,114096141.12
705,5903158.98,Thriller,Fall,102.2,88.56,2,58.91,63.68,1501580.97,81701846.8
706,44252122.35,Animation,Summer,141.9,84.71,6,29.38,42.64,8255138.55,266182500.65
707,75885482.12,Horror,Summer,125.4,61.11,3,,100.0,37200363.84,463930283.9
708,6483175.95,Animation,Winter,126.2,86.61,7,73.75,75.64,3178642.37,137481384.58
709,120449555.81,Adventure,Fall,106.5,56.0,3,50.2,40.64,54454740.77,166658019.59
710,67323208.6,Fantasy,Summer,109.6,32.78,6,36.04,49.85,10125075.16,365874646.15
711,19978169.65,Adventure,Winter,81.4,41.6,4,75.53,73.94,5375702.61,100828083.94
712,11492804.11,Drama,Spring,88.7,50.15,9,44.25,44.64,4046018.98,49901547.87
713,14465940.79,Comedy,Winter,91.6,65.81,6,69.43,,4859129.29,182178973.84
714,12557148.8,Action,Fall,123.0,82.94,4,64.96,59.75,5000173.08,125888783.06
715,31878661.51,Action,Spring,82.9,64.63,8,65.03,66.0,9199524.49,225624190.07
716,13460164.41,Fantasy,Spring,127.7,77.61,6,56.32,67.58,3017104.14,145768218.51
717,1068968.04,Drama,Winter,95.3,63.24,9,48.03,49.95,209362.84,32910796.33
718,19242480.33,Drama,Winter,88.6,68.74,5,54.03,67.28,7761037.47,78022187.94
719,13007283.16,Fantasy,Fall,104.4,68.93,6,100.0,92.25,4260477.01,129441418.24
720,29466662.29,Fantasy,Fall,89.5,67.2,7,67.12,81.15,10799795.06,159762561.24
721,124895139.28,Thriller,Summer,113.3,55.95,3,58.47,82.82,33363244.86,458028516.53
722,7616745.33,Romance,Winter,101.5,28.75,1,63.62,72.52,2097117.39,63282678.44
723,9824876.67,Romance,Spring,126.6,25.53,7,72.36,75.99,2126325.48,58426517.48
724,12092689.72,Action,Summer,95.1,28.36,8,79.62,67.31,4121581.68,155838034.22
725,82469811.63,Adventure,Summer,79.5,50.65,7,47.34,46.98,18184430.02,418293331.57
726,14582179.64,Drama,Spring,127.2,84.11,3,51.18,73.51,4742763.81,57150429.38
727,6426445.09,Fantasy,Spring,127.4,61.17,6,54.92,75.17,2961706.06,97717465.21
728,13379508.63,Romance,Summer,111.8,54.34,6,55.26,77.47,5190675.64,149346132.3
729,26534225.63,Action,Summer,101.4,81.47,12,59.5,58.45,12629639.41,207335553.4
730,78387223.41,Horror,Spring,82.6,96.02,6,46.14,53.85,20448249.99,325368113.47
731,20717437.38,Thriller,Summer,122.5,36.91,6,75.22,84.57,4462915.91,184133499.37
732,13727380.57,Drama,Summer,94.5,49.63,5,56.36,43.65,4432199.53,85989860.66
733,4674370.49,Action,Summer,132.3,46.94,9,57.46,61.16,1747218.03,137862834.82
734,39589144.1,Adventure,Summer,100.5,64.79,8,74.54,68.91,7692841.35,311305651.91
735,36322794.78,Romance,Fall,75.5,51.79,5,55.8,66.6,9213424.51,110323720.59
736,108569466.29,Action,Summer,103.2,59.97,5,49.45,38.9,26410710.16,460215867.71
737,15652632.34,Animation,Fall,129.4,58.9,13,43.71,28.65,4264533.52,218193870.46
738,3454262.11,Horror,Spring,110.8,58.27,4,61.93,61.51,1721750.15,105864721.53
739,13743216.58,Adventure,Summer,,73.23,3,50.37,56.5,5519069.54,286434942.45
740,10478806.88,Animation,Winter,122.4,1.0,3,60.08,64.5,4498300.08,34807241.43
741,18511547.97,Drama,Winter,88.2,60.38,5,85.32,76.54,3249049.63,60220239.05
742,6022952.77,Drama,Summer,119.6,41.79,4,63.57,60.83,1381026.01,49060371.69
743,23254724.09,Thriller,Winter,113.7,78.74,9,52.98,53.17,10718306.69,233879563.59
744,6615207.51,Romance,Fall,70.0,35.14,4,51.76,41.34,1834781.64,35252649.81
745,26258657.33,Romance,Winter,78.9,47.24,5,59.31,74.63,11063621.27,66960061.99
746,17140544.76,Sci-Fi,Summer,,64.19,4,73.7,81.91,7589525.86,216691301.58
747,29913611.28,Adventure,Summer,,50.87,5,60.45,49.15,13896491.96,369506659.07
748,5619459.57,Sci-Fi,Spring,143.8,43.87,4,64.84,75.13,1938368.73,133909637.74
749,63242535.85,Fantasy,Winter,98.2,37.77,7,61.46,50.99,16626192.81,313346011.18
750,38658695.83,Fantasy,Spring,105.5,100.0,7,56.45,65.37,16217735.16,242420440.06
751,21854791.35,Animation,Fall,130.3,69.57,4,77.08,77.72,6480658.42,237985358.91
752,19270232.11,Comedy,Winter,119.4,49.8,4,54.1,72.92,9283653.63,70155832.32
753,42690529.81,Animation,Spring,87.6,73.06,4,52.99,46.85,12002294.3,404430348.52
754,47929569.64,Horror,Spring,100.8,81.54,5,19.79,31.12,12676646.61,135132520.32
755,131299517.01,Romance,Spring,115.6,41.27,9,68.04,87.21,54558495.39,295310981.07
756,8790288.06,Thriller,Winter,138.5,78.42,5,61.61,59.5,2741575.65,88225662.44
757,48345941.52,Action,Winter,105.4,68.84,6,62.23,63.55,21812309.99,178819101.6
758,113709332.29,Animation,Summer,112.5,76.99,10,54.73,58.64,37597263.49,978077485.81
759,4970555.59,Thriller,Summer,98.1,71.34,6,87.47,100.0,2399061.67,116269443.05
760,1346995.49,Sci-Fi,Spring,124.3,50.33,9,88.58,79.69,462778.14,99767197.84
761,26489544.86,Comedy,Fall,85.3,56.55,3,50.52,41.67,9159775.63,195399266.74
762,12690534.99,Romance,Summer,119.2,46.28,5,66.96,78.74,6320860.89,59478034.3
763,4610793.79,Romance,Spring,141.7,42.86,11,37.89,59.19,1134354.8,29963123.32
764,24287164.12,Animation,Fall,149.2,71.08,7,55.6,62.1,8209616.75,126541594.3
765,15635553.35,Fantasy,Summer,102.0,69.37,4,57.6,80.72,6919236.28,74159366.95
766,2953476.73,Action,Summer,152.1,69.77,7,,71.6,635999.83,233402762.6
767,61652957.51,Adventure,Winter,120.9,25.28,3,65.51,62.56,11993844.15,199733304.62
768,44565552.41,Animation,Fall,93.5,54.82,10,37.22,27.8,13084639.49,360332913.16
769,42735286.42,Fantasy,Summer,113.2,78.99,6,80.22,87.2,16927382.43,294290435.24
770,132502849.02,Drama,Fall,110.9,77.82,5,64.4,,25630543.73,461264372.34
771,25931951.52,Sci-Fi,Spring,100.3,50.46,6,59.39,53.83,6439632.34,129393388.1
772,7928879.36,Action,Fall,,84.23,4,33.59,36.21,1999469.04,152055277.54
773,20374086.09,Sci-Fi,Winter,76.9,67.93,9,82.12,66.27,9729236.13,164333342.46
774,11538604.09,Romance,Summer,125.6,59.22,12,68.9,53.29,1885986.24,55173247.1
775,5803559.38,Sci-Fi,Fall,102.3,66.33,6,75.21,85.03,2581761.14,166987574.31
776,92058571.8,Action,Spring,154.1,68.0,12,45.28,43.73,38241775.11,282772566.78
777,14615103.22,Fantasy,Summer,76.6,63.09,3,83.89,90.96,3231487.21,459134760.62
778,36626017.2,Drama,Spring,120.6,70.08,5,63.77,55.24,13772928.02,85265732.36
779,56821461.81,Sci-Fi,Fall,118.7,43.72,4,25.12,46.41,20109702.18,286273711.15
780,153805579.21,Horror,Summer,94.8,41.99,3,60.86,78.91,33461056.95,273034374.42
781,10174047.5,Action,Summer,111.6,55.81,2,71.42,95.81,3199345.91,128643928.29
782,4636390.76,Horror,Spring,113.1,97.13,5,36.14,42.74,855576.12,100290683.71
783,12629056.0,Drama,Summer,95.6,32.92,4,63.89,75.01,5847713.24,98641305.69
784,214508927.11,Fantasy,Winter,116.0,42.78,7,47.51,48.0,34239875.95,545328677.29
785,94968910.65,Comedy,Summer,96.0,61.86,7,50.29,47.18,31835149.12,202271837.54
786,7020799.3,Comedy,Summer,137.4,49.05,7,74.59,83.81,2428250.36,179770117.01
787,22377368.8,Animation,Summer,70.0,60.25,4,38.25,57.15,10506186.77,212274650.67
788,3394629.0,Romance,Summer,104.3,4.53,7,55.49,91.04,1531811.78,55575982.21
789,4039561.2,Fantasy,Fall,144.6,54.3,3,67.07,44.93,1348327.75,130643183.31
790,1316301.93,Thriller,Winter,95.1,23.44,5,89.96,100.0,317611.65,31345919.13
791,28925899.76,Drama,Summer,95.5,67.76,9,63.19,73.37,6706381.03,84328164.52
792,12968780.97,Drama,Fall,113.5,66.21,4,79.23,67.82,4394815.78,40216203.68
793,44870205.88,Sci-Fi,Fall,100.7,76.51,8,76.66,100.0,7925481.9,175463686.57
794,21453458.33,Comedy,Winter,103.3,64.92,6,82.24,78.86,10255648.03,124628955.82
795,6028825.39,Comedy,Fall,108.8,38.9,1,83.37,97.86,1737894.45,79064372.97
796,18905881.76,Comedy,Summer,98.5,63.05,11,47.23,41.63,8012714.3,192930457.18
797,7741224.93,Thriller,Summer,109.7,74.43,5,66.65,57.31,1843267.42,158964183.28
798,5766339.26,Action,Summer,101.4,19.87,5,66.52,88.99,2182480.46,94898168.96
799,1364501.37,Fantasy,Winter,119.6,47.5,2,,53.68,371766.02,58685864.66
800,133489837.47,Animation,Fall,133.5,71.04,6,37.57,41.66,44050982.04,628166085.46
801,14598595.62,Adventure,Spring,114.5,30.87,7,63.95,84.7,6839082.84,73852083.62
802,14901093.38,Fantasy,Summer,94.5,59.02,10,54.67,75.25,4835482.3,118582764.17
803,7498341.93,Animation,Summer,91.0,31.58,6,88.74,97.69,3189623.96,88590878.89
804,10857671.24,Animation,Fall,145.1,42.19,3,26.61,33.05,2124344.74,168086024.94
805,11511870.76,Drama,Fall,139.0,42.82,9,50.78,57.24,4765573.54,59278036.44
806,49786355.89,Animation,Spring,99.0,24.86,5,62.19,65.26,22695983.26,180250922.22
807,7217378.83,Drama,Summer,109.5,21.48,8,59.95,,2043475.44,47030817.99
808,6221703.17,Drama,Spring,122.9,59.54,9,58.84,53.78,2831328.32,39085910.77
809,48764415.23,Sci-Fi,Summer,70.0,61.55,9,57.4,45.59,22010759.09,330404752.81
810,11089907.91,Drama,Fall,142.4,73.23,6,57.56,53.82,4493477.08,95966367.2
811,10646289.32,Horror,Fall,70.0,69.94,8,36.03,61.46,3560600.11,56731046.89
812,11099506.1,Thriller,Summer,121.7,69.81,6,,72.26,3686482.02,120772419.69
813,122072480.37,Animation,Winter,110.2,69.19,5,59.0,68.42,19778205.8,1241109053.9
814,6814814.67,Fantasy,Summer,106.8,90.69,8,57.52,53.22,2043437.88,294595293.0
815,43344479.97,Horror,Summer,141.5,59.21,4,56.68,64.66,8825015.41,223159820.76
816,4702782.74,Drama,Fall,136.6,61.71,8,71.6,82.3,1276519.35,64926605.86
817,4263633.73,Animation,Winter,126.6,87.36,7,42.04,42.1,953611.89,165014184.62
818,56512319.51,Drama,Spring,140.7,46.25,4,66.54,80.63,22963117.92,77110320.96
819,5865530.66,Action,Summer,139.8,50.09,7,66.8,63.6,1227978.76,185984847.51
820,20225868.22,Sci-Fi,Winter,137.1,54.79,6,74.04,98.16,8509664.25,176758593.75
821,6360958.84,Action,Summer,90.4,52.23,2,77.55,83.05,1525271.52,169922455.42
822,9922937.18,Comedy,Fall,126.8,51.86,5,59.12,64.15,2579285.53,64827119.94
823,4669560.73,Action,Summer,105.3,45.78,8,45.18,66.98,1501474.38,79444664.08
824,8664995.83,Comedy,Spring,109.2,73.81,3,33.26,55.97,1414263.35,164247369.14
825,13787062.77,Sci-Fi,Spring,72.9,76.96,6,30.08,29.95,3052788.03,128376564.32
826,6789117.56,Thriller,Summer,111.2,83.4,8,64.06,91.93,3051495.15,152482840.83
827,9345794.58,Romance,Summer,129.4,63.7,5,83.8,100.0,4498876.23,108727270.83
828,22757495.43,Action,Summer,114.8,45.33,5,59.57,63.11,6531460.52,214050612.23
829,14468002.04,Adventure,Fall,120.2,41.81,8,64.99,,5969632.97,177185785.91
830,18333467.08,Animation,Spring,87.0,64.75,3,49.41,47.31,8528860.25,249641409.43
831,13779316.26,Sci-Fi,Spring,106.1,52.3,3,59.01,62.85,4825029.3,134808437.35
832,10410316.42,Sci-Fi,Winter,106.6,23.3,11,65.35,40.82,3281105.57,74348208.11
833,25013466.14,Thriller,Summer,90.3,77.86,7,56.53,69.35,5935894.21,165930323.89
834,7394496.39,Adventure,Summer,83.3,100.0,8,71.75,45.12,2767849.34,181274320.12
835,5087926.84,Comedy,Winter,109.0,68.76,8,74.93,79.27,1115523.52,83587004.79
836,13273500.08,Fantasy,Spring,135.2,54.36,8,63.9,54.72,5968460.51,140461450.18
837,4251682.61,Romance,Fall,128.0,49.2,5,46.09,53.37,1440882.18,53430602.89
838,17436367.02,Animation,Spring,89.6,62.97,5,42.49,48.75,3368575.49,145690409.69
839,3152152.97,Sci-Fi,Fall,87.6,42.67,5,60.35,77.05,1085222.71,57169061.2
840,17761654.53,Fantasy,Fall,100.6,32.95,8,53.72,44.45,7319441.96,64849168.01
841,2909435.62,Horror,Summer,145.1,75.37,6,30.03,31.12,969366.49,105433823.52
842,43517039.22,Thriller,Fall,131.8,90.95,10,77.51,92.12,16788876.45,119151983.46
843,9867726.86,Horror,Winter,104.9,42.88,7,87.94,89.07,4763408.0,65153366.54
844,11880658.4,Horror,Summer,115.8,61.54,9,62.32,77.25,3216774.2,155516694.04
845,14046610.9,Horror,Winter,105.5,56.67,6,91.49,100.0,2270693.99,91367282.84
846,10789132.05,Comedy,Spring,129.5,33.25,3,37.2,44.82,2516427.24,65449386.54
847,10783813.35,Sci-Fi,Summer,117.1,56.95,2,56.1,72.35,2268968.55,97759652.18
848,12010589.08,Horror,Spring,126.5,85.56,2,46.99,53.03,3334134.18,140470742.71
849,62221695.01,Adventure,Spring,129.2,61.69,8,81.86,100.0,15200976.11,355407472.2
850,38586497.42,Adventure,Spring,122.4,37.46,7,44.15,42.12,18453116.49,261874794.06
851,11396343.63,Drama,Spring,114.6,77.93,4,,64.69,1982492.09,105275209.66
852,7695179.61,Drama,Fall,139.3,56.89,2,57.79,73.95,2459424.26,66664922.18
853,1670429.63,Romance,Winter,87.1,60.67,4,61.35,47.01,307307.18,35836123.1
854,1170687.19,Adventure,Winter,107.4,83.25,6,57.95,88.53,263426.81,217884808.75
855,35525590.14,Animation,Summer,109.3,43.26,8,64.98,52.56,7330152.06,390821520.26
856,54648894.71,Animation,Spring,118.6,54.09,7,53.42,53.95,11172367.14,237555622.14
857,3155155.04,Drama,Winter,111.0,64.57,6,49.61,48.15,807180.67,45395965.5
858,5908046.23,Romance,Fall,114.3,5.79,12,40.51,39.97,1330468.99,13537669.14
859,21729198.74,Fantasy,Summer,70.0,17.97,4,72.28,73.53,10129286.19,225495814.68
860,9236163.53,Adventure,Summer,124.7,24.69,5,55.83,64.79,3698316.84,132046326.79
861,23718063.51,Romance,Summer,110.0,51.95,2,67.24,71.53,11369418.3,129250573.25
862,45832189.02,Fantasy,Summer,70.0,62.82,12,76.47,86.0,15722992.83,327822458.41
863,6013249.69,Horror,Spring,89.6,81.31,9,94.09,,1062469.35,116282986.13
864,29194587.49,Comedy,Summer,93.4,66.15,8,76.95,90.18,6252099.07,234517936.03
865,75267077.17,Comedy,Summer,91.4,49.1,5,69.86,67.53,21109664.29,458139205.91
866,12126311.91,Animation,Spring,145.4,70.74,8,78.21,77.02,5938131.13,208888725.13
867,2184190.12,Drama,Fall,94.5,31.66,5,29.77,28.41,1068577.01,30569878.08
868,16229212.5,Animation,Winter,128.4,72.53,10,68.01,70.68,4320643.76,162775938.96
869,3018689.8,Action,Spring,112.7,55.61,2,44.25,50.71,1077649.91,70478734.57
870,19384529.33,Romance,Summer,89.7,50.81,12,61.17,68.06,7699144.64,137434831.57
871,6457264.74,Action,Summer,104.3,73.44,7,55.88,66.57,2792814.26,114469746.43
872,6461243.16,Adventure,Spring,93.5,82.42,8,60.27,62.39,2846325.45,159601880.51
873,6206542.61,Comedy,Spring,100.2,13.94,5,49.13,55.71,2976603.36,40834836.01
874,6800167.92,Comedy,Fall,122.2,79.88,8,67.63,66.46,2788373.92,78328861.47
875,27353435.77,Adventure,Spring,102.7,90.2,3,61.74,71.04,4899181.06,228054811.82
876,192916394.89,Action,Fall,102.5,54.9,6,47.54,,94460763.82,1098145136.93
877,24149266.78,Comedy,Fall,89.6,62.2,7,56.58,48.96,11144587.47,97346984.72
878,23393841.17,Drama,Winter,129.4,52.74,5,64.74,70.68,7793431.66,78620584.45
879,186215777.11,Adventure,Spring,114.3,32.22,7,81.21,100.0,67744094.86,712312636.59
880,40945108.54,Animation,Spring,101.4,80.46,5,59.05,72.47,7356739.42,210848116.19
881,39944834.56,Romance,Spring,83.4,45.23,5,100.0,88.07,6327788.82,263479549.9
882,29612622.3,Adventure,Fall,119.0,70.07,5,29.64,38.84,9185833.01,214351179.64
883,7080647.6,Horror,Summer,126.0,66.31,7,60.54,62.85,3122626.71,106861228.69
884,8002533.18,Horror,Summer,108.9,9.84,5,58.54,67.58,1824436.68,41202174.24
885,9077299.86,Romance,Summer,92.5,80.56,12,54.41,71.4,3489875.08,144527320.57
886,16202068.25,Romance,Winter,121.7,36.17,5,,41.02,2654706.24,47847021.35
887,8226443.51,Thriller,Fall,125.2,24.88,1,53.73,37.48,3427155.38,37010635.11
888,11962266.07,Fantasy,Summer,118.2,42.39,3,47.62,40.22,2286900.33,83332954.31
889,20865536.74,Horror,Winter,138.0,43.23,7,84.27,93.41,3716425.16,58339003.47
890,2668703.07,Fantasy,Fall,103.3,37.48,4,47.99,54.51,1243891.52,74796166.31
891,31622994.87,Action,Summer,133.2,45.87,5,39.67,74.5,4851608.76,290070463.11
892,5418213.88,Comedy,Spring,107.8,56.76,7,28.44,49.08,2336681.56,124097397.39
893,10849678.53,Romance,Spring,70.0,56.51,5,77.37,75.63,2996024.17,46217181.94
894,3436962.9,Horror,Summer,122.2,62.55,11,86.3,96.84,516922.94,83221620.67
895,4769339.44,Animation,Fall,145.7,84.32,4,94.11,88.51,2001425.03,186066070.58
896,6811187.66,Action,Spring,127.3,68.92,4,82.07,,1055037.26,114789156.58
897,37333668.27,Sci-Fi,Spring,143.1,36.39,7,29.95,36.13,13826504.87,200032560.9
898,4015337.64,Fantasy,Spring,122.6,42.55,2,44.23,43.27,1276816.23,108161810.23
899,14738941.47,Animation,Summer,79.4,79.19,11,50.01,67.26,2550158.86,366801509.59
900,4887000.48,Adventure,Spring,109.5,22.64,3,57.31,63.03,1411657.44,83275515.29
901,5422377.37,Horror,Winter,132.8,32.49,7,60.21,72.57,2231397.99,60460693.45
902,9861056.88,Action,Summer,105.0,55.8,5,42.86,51.46,4746334.85,85095368.66
903,27811374.73,Fantasy,Winter,83.4,53.78,4,48.75,45.5,8795510.37,197698992.26
904,35509063.42,Thriller,Spring,76.3,78.77,8,47.9,43.88,7057676.81,118876873.2
905,105127348.66,Romance,Fall,133.1,81.64,8,61.2,49.73,26045840.59,331129505.07
906,284157034.14,Drama,Fall,91.0,23.41,12,85.29,88.51,94205502.1,686950470.58
907,14182815.9,Romance,Summer,139.3,57.94,6,77.06,87.68,6893783.89,88896135.92
908,4019629.26,Sci-Fi,Fall,112.9,66.78,5,75.05,69.17,1627008.59,113239757.54
909,20418892.31,Fantasy,Spring,99.8,31.91,7,46.79,60.26,4368083.8,137886095.18
910,26182328.94,Romance,Fall,93.0,62.79,9,52.76,71.49,6097356.98,107114370.31
911,26756549.47,Comedy,Winter,112.6,54.82,10,64.27,85.13,6623702.95,118935386.18
912,5435011.71,Sci-Fi,Fall,136.0,62.9,5,37.2,41.97,1667634.91,151921645.18
913,300000000.0,Adventure,Winter,123.9,100.0,3,68.53,94.9,116657294.12,1714686348.03
914,33098386.61,Drama,Summer,129.7,59.6,8,45.6,52.37,6410700.21,123394738.41
915,10910012.28,Thriller,Summer,92.5,46.4,4,81.42,91.54,4939388.0,88149378.1
916,23033288.84,Horror,Spring,115.9,46.45,4,56.22,75.4,8628503.54,86144124.43
917,13343457.44,Sci-Fi,Summer,83.4,38.81,5,88.53,100.0,3657701.66,177807755.89
918,66158207.73,Action,Winter,95.0,67.38,5,,44.58,28758668.24,211906009.82
919,56350552.56,Thriller,Spring,102.3,71.91,5,68.04,88.56,9990614.39,150268266.4
920,26941580.52,Fantasy,Summer,126.0,49.58,5,64.39,64.77,9567011.38,202196210.81
921,3005236.3,Fantasy,Fall,105.9,34.3,3,74.91,88.2,580253.27,38697061.42
922,16390037.81,Horror,Fall,75.1,67.61,8,89.69,78.23,5646079.98,79983110.33
923,16948121.28,Comedy,Spring,99.2,73.05,7,64.52,58.82,8128400.73,133219851.68
924,18008865.25,Drama,Summer,129.1,31.93,4,86.18,86.47,3684214.46,92256050.58
925,4460389.87,Romance,Summer,120.8,15.78,9,65.41,71.0,1270315.72,58258069.09
926,33947979.63,Thriller,Winter,109.1,28.62,3,31.03,44.7,6355993.54,84639538.91
927,23100046.79,Horror,Fall,120.6,37.63,4,42.49,42.3,7730436.84,96258466.01
928,44575721.02,Adventure,Summer,127.9,61.28,7,50.38,56.51,19374329.2,432518298.8
929,23803990.78,Adventure,Summer,106.4,15.9,6,46.24,44.46,9684428.51,167329172.97
930,66422698.88,Adventure,Winter,104.4,31.57,7,58.1,71.68,10389450.58,217045300.19
931,6830757.08,Animation,Fall,98.3,84.11,1,85.24,99.03,1824510.18,182035043.96
932,25955681.39,Adventure,Summer,89.6,39.09,6,70.04,83.3,8008843.64,274743667.16
933,4645428.16,Horror,Summer,127.0,92.31,9,55.16,64.17,2035271.15,113457576.71
934,19932804.83,Thriller,Winter,81.6,38.79,7,66.19,62.66,7987591.65,160404126.42
935,7890681.38,Horror,Summer,107.0,31.66,8,78.1,83.91,1536568.52,82954674.38
936,4531464.3,Action,Winter,,52.64,4,53.27,47.9,753498.56,91655958.84
937,19204075.53,Romance,Spring,115.4,58.0,1,48.52,52.84,6357895.63,88729173.56
938,1000000.0,Sci-Fi,Summer,105.9,57.7,9,20.74,23.97,402512.96,101733732.11
939,38374037.61,Drama,Winter,107.7,35.78,5,50.77,65.71,6294155.59,124914041.84
940,3249999.46,Animation,Fall,116.4,75.57,6,43.49,33.25,1485267.78,194994312.71
941,21383611.54,Action,Fall,160.3,60.15,6,40.99,33.79,4243766.93,344291846.76
942,3751994.96,Horror,Summer,137.1,65.02,5,52.76,50.34,782042.95,110553527.9
943,5238697.78,Animation,Winter,138.6,74.21,7,67.44,90.76,1370961.08,172004526.94
944,8985048.87,Horror,Winter,93.1,20.16,1,77.1,93.75,1657564.29,26235504.87
945,35154774.66,Adventure,Fall,120.8,73.87,9,42.86,35.4,16961886.84,262971486.91
946,31211665.78,Romance,Summer,131.0,37.15,5,66.54,85.41,10711561.8,115962806.31
947,15718927.88,Romance,Spring,99.0,47.54,4,46.93,61.93,6824424.68,156592993.38
948,15599444.35,Fantasy,Spring,153.3,51.78,7,86.45,85.73,6120534.32,110310720.34
949,10833516.0,Action,Summer,117.9,49.95,8,,60.17,4287996.42,154299782.47
950,23608222.81,Adventure,Summer,122.2,36.78,6,46.26,41.78,6208802.59,157165455.08
951,113666916.79,Adventure,Summer,131.6,53.39,5,43.26,36.99,43269786.24,641739217.68
952,39411121.73,Horror,Winter,128.3,50.38,5,37.37,46.29,19513805.25,188093516.24
953,5033008.32,Horror,Summer,80.8,39.43,4,62.59,61.84,2100699.34,58011543.46
954,5598287.95,Thriller,Spring,107.2,37.16,5,78.59,82.72,2491331.05,44017876.84
955,35654817.69,Adventure,Fall,90.8,46.64,5,46.91,45.23,13601330.44,150951412.69
956,4966397.37,Horror,Fall,116.3,78.45,5,52.86,35.31,2318675.93,40366999.18
957,21090748.36,Horror,Summer,120.1,12.34,6,91.5,99.51,9727673.46,230419901.76
958,3328237.91,Comedy,Fall,103.3,66.49,6,71.2,93.33,1068381.4,88638543.94
959,3186859.64,Fantasy,Summer,99.1,43.72,6,56.9,86.44,527477.18,117702716.46
960,23628692.24,Drama,Fall,,35.69,7,42.88,44.57,5570111.59,63767726.48
961,95207198.79,Romance,Spring,126.9,38.25,7,64.72,59.51,38437012.21,169807053.89
962,69509496.44,Adventure,Summer,127.1,73.94,4,66.37,53.0,11896601.54,290928310.35
963,7393539.81,Animation,Summer,104.7,68.29,5,49.95,17.76,1132329.29,173189360.98
964,3881215.19,Drama,Summer,128.4,50.12,6,35.07,,802213.61,24965672.98
965,23130496.65,Animation,Fall,,76.38,12,47.0,52.57,4617944.39,120119763.07
966,6223718.03,Romance,Summer,121.2,94.82,2,43.55,63.03,2076629.9,124804186.77
967,52650844.16,Action,Summer,107.1,55.62,8,37.42,46.24,10509125.49,289706352.02
968,23304124.35,Thriller,Winter,121.1,24.05,9,64.85,67.93,11297659.44,75705191.44
969,19279477.07,Animation,Winter,107.1,55.38,11,37.24,,3233434.25,120999457.97
970,15879111.09,Horror,Winter,133.1,45.89,5,64.98,63.03,6797482.98,53218954.52
971,9787186.61,Thriller,Summer,117.0,53.92,5,59.72,75.67,1781255.98,99185045.6
972,30649552.27,Horror,Summer,116.6,80.67,6,60.7,71.06,14892451.34,262504822.23
973,7702513.21,Romance,Winter,102.6,48.53,12,56.6,62.95,3598214.84,77670547.48
974,34905813.49,Animation,Winter,95.3,62.04,5,83.03,100.0,5643685.24,268419842.83
975,27464679.59,Animation,Spring,77.6,39.99,4,68.82,89.61,4985832.14,143808636.79
976,56824789.91,Drama,Summer,134.2,64.36,5,39.41,41.01,16684739.86,147475382.45
977,45928697.15,Fantasy,Summer,85.2,74.93,6,87.86,100.0,19428818.24,314958211.73
978,25150445.94,Fantasy,Summer,95.9,63.59,3,88.41,100.0,8829986.82,225674288.76
979,7826365.19,Animation,Summer,118.1,59.57,1,79.62,65.74,3286604.01,146369129.69
980,119103071.64,Drama,Winter,98.8,51.27,8,47.32,56.06,28661990.5,325784765.56
981,10152841.83,Thriller,Winter,,63.81,4,71.67,74.31,5035756.87,110140740.34
982,37373644.98,Animation,Summer,103.7,82.02,1,73.7,81.25,7217492.21,390780023.87
983,13771778.75,Adventure,Summer,88.7,70.38,8,66.13,66.23,3640900.18,272137227.86
984,9099367.83,Action,Spring,81.0,58.86,6,73.42,79.55,4317006.09,177811187.98
985,6385137.78,Animation,Winter,136.7,68.98,7,52.39,58.31,2600242.68,107307193.89
986,12820557.07,Romance,Fall,128.6,35.8,7,56.63,80.66,2889723.64,64789914.64
987,35391876.99,Sci-Fi,Summer,119.5,42.26,4,52.35,70.09,17127535.94,163781455.95
988,2265246.73,Comedy,Winter,130.8,19.07,5,54.89,33.14,625135.1,34724535.2
989,26282275.88,Romance,Winter,129.3,65.04,7,71.63,76.95,8748856.33,128655090.02
990,17602871.67,Romance,Summer,120.3,54.89,10,65.79,64.65,6308433.06,116700594.06
991,13736021.09,Thriller,Summer,105.2,64.03,5,64.0,73.3,6045712.65,251020037.68
992,36436940.85,Comedy,Summer,127.9,81.03,9,19.93,,16369436.07,272358355.89
993,15905002.94,Sci-Fi,Summer,96.9,42.26,9,65.52,82.52,6621979.26,149496827.16
994,26845603.6,Action,Summer,94.7,32.51,9,52.57,84.0,13372573.08,348938136.95
995,57666106.13,Sci-Fi,Fall,119.3,21.22,4,46.96,48.59,27118611.21,232708139.24
996,6891263.56,Fantasy,Winter,98.2,67.15,7,52.68,61.11,1862574.18,66595253.86
997,39969420.45,Animation,Fall,127.5,54.84,10,42.0,49.55,17535657.66,331538030.9
998,18581474.16,Fantasy,Summer,132.9,49.13,5,45.58,49.08,7188587.87,163622423.73
999,175373355.52,Action,Fall,113.2,43.98,10,100.0,100.0,78114750.29,723920079.31
1000,30334261.9,Animation,Winter,76.5,23.21,3,51.12,55.02,9475862.73,126554180.4
1001,2370691.02,Comedy,Summer,122.6,66.83,5,83.31,56.45,728520.16,121912091.93
1002,20146666.59,Adventure,Fall,135.4,32.66,6,85.35,91.22,9133981.31,180422982.34
1003,26012307.71,Horror,Spring,104.4,66.25,6,45.33,25.67,9999899.87,88163286.19
1004,13290531.69,Fantasy,Spring,112.0,42.27,8,42.23,60.78,5124605.36,80100344.61
1005,10933685.82,Animation,Winter,96.7,69.94,7,,63.74,1925835.38,93556888.44
1006,5919440.89,Fantasy,Fall,103.0,39.62,8,45.99,56.14,2782701.92,69385282.48
1007,2877600.23,Horror,Summer,87.6,11.77,5,53.89,75.13,621011.55,63216251.31
1008,2035215.07,Adventure,Summer,87.6,72.76,8,73.14,42.97,840402.51,324186210.83
1009,10744812.29,Horror,Spring,92.6,47.2,5,37.72,66.05,5291600.83,58820142.46
1010,10360836.62,Action,Winter,102.9,69.45,7,55.25,52.4,3593321.68,157240520.94
1011,90740523.83,Fantasy,Summer,108.7,37.61,8,60.48,61.97,45303499.43,239437924.91
1012,110633802.97,Animation,Winter,118.4,50.03,3,72.52,76.99,45473852.64,390953575.37
1013,28937532.52,Sci-Fi,Summer,123.4,18.68,6,63.14,57.59,13569079.7,178377681.95
1014,3138523.92,Fantasy,Winter,,63.56,7,55.82,58.85,1230025.19,46212334.98
1015,50701955.7,Romance,Spring,101.0,27.9,6,38.16,30.96,19214304.64,80918664.19
1016,21726821.16,Thriller,Spring,147.7,45.46,7,70.3,74.07,8722062.82,80759980.58
1017,88437462.7,Thriller,Spring,127.8,13.92,6,53.7,49.29,27697716.51,139791133.91
1018,18127590.9,Horror,Winter,81.2,53.96,4,32.99,46.59,5882115.81,114473676.93
1019,7212936.86,Romance,Summer,76.0,100.0,3,54.56,74.38,1382297.9,132912306.21
1020,7224209.95,Adventure,Winter,104.6,88.71,6,85.21,78.52,2184680.27,91488885.42
1021,38379897.26,Fantasy,Summer,103.8,6.94,5,66.65,72.11,13527252.49,153861543.34
1022,10496936.78,Animation,Summer,104.1,100.0,6,69.5,75.07,2449617.62,516251742.48
1023,11839452.85,Adventure,Winter,159.3,48.87,10,68.8,59.65,3121797.38,164524541.42
1024,38175919.84,Romance,Fall,122.8,53.78,7,,45.81,18405140.88,235321811.79
1025,15487102.81,Fantasy,Spring,95.3,72.2,6,50.12,45.15,5281444.63,238905387.66
1026,5499045.84,Animation,Winter,71.0,40.23,3,51.9,47.66,1986971.71,103417106.77
1027,12039266.89,Comedy,Summer,113.6,37.71,5,73.83,56.85,4783156.01,89326148.66
1028,11283254.69,Drama,Fall,102.0,50.38,4,53.67,42.01,1914409.83,104079906.07
1029,22929157.4,Animation,Fall,105.3,38.88,7,71.76,81.04,10043718.71,166832566.38
1030,33078292.24,Horror,Summer,95.2,51.45,8,43.71,42.48,5457731.61,150357969.37
1031,34507658.59,Drama,Summer,81.5,33.53,6,77.7,81.24,15924802.8,102704418.85
1032,55465405.82,Horror,Summer,127.9,52.95,5,69.13,74.38,9223819.01,288456693.6
1033,96353906.92,Animation,Summer,107.4,35.5,2,71.37,62.8,44790578.61,456660345.04
1034,17035670.45,Comedy,Winter,116.7,39.44,2,55.19,68.84,5595487.18,51922096.52
1035,20982883.11,Adventure,Winter,135.6,62.53,4,56.22,49.33,6937395.18,132404371.26
1036,33309779.08,Horror,Summer,115.9,41.94,3,68.88,72.16,13311436.33,171940197.75
1037,11882667.54,Comedy,Fall,102.0,42.64,8,50.23,44.61,4129565.75,51409272.16
1038,49099389.65,Horror,Spring,147.6,91.66,5,37.81,31.49,22527863.67,226931096.92
1039,6902451.99,Comedy,Fall,,51.49,6,45.23,47.32,2386814.37,99457082.84
1040,10751727.34,Thriller,Summer,107.6,44.71,2,73.5,84.86,2823289.81,85662654.57
1041,3777089.5,Romance,Summer,121.7,29.24,5,70.52,88.61,1771793.22,84237754.28
1042,1405960.91,Action,Summer,132.5,26.06,7,57.31,65.1,478842.05,77259986.75
1043,2547924.19,Horror,Fall,109.7,43.27,2,50.27,74.65,975452.45,72598862.92
1044,12417493.43,Thriller,Winter,97.8,31.49,7,59.38,55.65,5483575.73,38822004.67
1045,5287365.39,Animation,Summer,115.6,88.47,5,43.47,44.25,1361932.61,323369567.33
1046,4638956.66,Thriller,Fall,90.1,65.17,7,80.16,76.89,1695171.94,39264245.01
1047,83171915.8,Sci-Fi,Spring,126.5,70.09,6,62.53,76.09,17323175.43,533040624.13
1048,50688560.2,Sci-Fi,Winter,142.5,19.37,6,56.72,,19690549.38,209919374.86
1049,25000787.11,Thriller,Spring,94.0,78.1,4,61.92,85.11,6976784.03,168708199.76
1050,5733484.21,Horror,Spring,90.9,52.06,2,67.04,72.25,1627029.48,153570858.02
1051,92352019.23,Horror,Summer,139.3,67.66,5,42.32,53.01,45569774.97,326345466.59
1052,17609419.13,Animation,Summer,95.6,48.76,3,55.76,43.89,4268621.08,256729281.96
1053,4518142.95,Horror,Spring,86.2,52.24,6,60.05,78.14,1165339.33,70445039.68
1054,25286091.54,Horror,Winter,88.7,45.74,5,72.86,86.4,8093177.24,73372794.5
1055,19586123.04,Thriller,Summer,82.7,49.03,7,47.49,45.7,5843440.16,58613461.92
1056,34396631.76,Comedy,Summer,111.7,79.47,2,100.0,100.0,10800421.35,348582027.85
1057,2751616.99,Fantasy,Summer,91.2,57.26,5,95.96,100.0,1158281.16,121721515.62
1058,47152370.48,Drama,Summer,139.9,34.61,5,65.32,66.22,21782156.57,130008168.11
1059,23903115.35,Action,Fall,128.6,78.02,6,64.06,65.05,4508138.88,195319911.93
1060,17314109.49,Romance,Winter,96.3,47.96,4,58.94,31.47,6915090.72,56574966.7
1061,15008082.54,Romance,Spring,100.3,16.64,11,55.7,68.31,5045810.95,52706087.9
1062,5684069.21,Sci-Fi,Spring,121.2,50.08,7,47.14,67.38,925103.98,109018195.02
1063,15973322.47,Action,Summer,98.5,83.24,4,52.96,58.62,6834804.25,215433356.59
1064,17955693.61,Adventure,Summer,88.2,57.82,5,51.21,60.84,3568648.6,211207007.28
1065,10281177.05,Romance,Summer,,74.64,6,54.87,58.21,5017284.27,50726016.46
1066,18792244.04,Action,Summer,121.0,46.55,8,54.45,37.82,4508860.3,258369821.31
1067,5497722.27,Fantasy,Summer,141.2,72.5,6,67.03,57.61,923952.1,94828100.62
1068,13147036.2,Romance,Winter,104.7,58.31,5,86.25,97.7,5437755.05,62656352.0
1069,16748503.79,Fantasy,Winter,83.1,56.35,5,65.39,85.48,2892442.23,207145171.13
1070,7014517.17,Sci-Fi,Winter,79.3,100.0,10,39.55,27.12,2680676.62,119361757.23
1071,36576131.92,Animation,Spring,106.2,49.38,6,82.48,81.64,10670033.08,284077901.62
1072,4414081.38,Horror,Spring,153.0,100.0,5,85.49,81.33,1469406.6,167381965.4
1073,69775567.9,Romance,Fall,120.6,57.49,7,65.93,71.42,14425832.18,319697006.22
1074,32743664.75,Horror,Spring,101.8,40.53,7,29.59,33.15,16188210.88,80516603.85
1075,2354429.79,Animation,Winter,,51.14,3,72.5,96.14,438526.74,104398903.4
1076,51301145.89,Sci-Fi,Summer,90.9,83.87,3,44.61,53.36,10896498.9,233220008.51
1077,147757933.58,Action,Fall,74.8,63.39,5,48.02,53.44,54172679.38,857985192.1
1078,16357286.05,Sci-Fi,Spring,101.4,29.35,9,42.15,36.02,6366510.89,188978214.4
1079,45243308.19,Horror,Summer,108.2,32.59,6,74.28,79.67,17233653.4,253561162.63
1080,18543710.63,Sci-Fi,Winter,117.4,26.71,5,45.7,55.28,2877819.68,101297225.85
1081,4963220.79,Romance,Fall,120.4,51.96,4,63.75,65.51,1695852.55,61254330.5
1082,2889233.89,Fantasy,Fall,139.9,34.63,3,67.94,75.67,769355.44,110838570.25
1083,4675965.37,Sci-Fi,Fall,125.5,65.95,3,56.54,71.74,1657480.67,70518880.36
1084,10238142.16,Romance,Fall,116.3,56.51,10,68.1,76.12,2464195.94,56888705.3
1085,8732216.6,Action,Winter,105.0,53.34,8,65.58,57.59,3520226.36,105500151.06
1086,9752765.11,Sci-Fi,Fall,116.3,58.95,6,61.93,52.82,4274159.03,111072674.87
1087,38860308.45,Horror,Spring,121.9,58.46,4,58.14,60.25,16214497.5,161906923.29
1088,44654326.53,Romance,Summer,95.9,58.86,2,,67.23,19754542.78,123971165.63
1089,5984186.86,Sci-Fi,Fall,97.8,26.09,11,60.61,47.75,2066080.67,71930059.27
1090,53675713.41,Thriller,Fall,113.6,42.23,7,32.13,25.32,12804934.03,128207273.38
1091,6250437.1,Horror,Summer,115.0,79.24,5,67.82,74.7,1089916.98,157556238.1
1092,27797161.53,Drama,Summer,138.5,68.54,9,47.64,63.42,6247269.16,176351708.56
1093,63330924.54,Horror,Winter,103.2,71.53,8,38.47,43.05,23858016.14,164585182.68
1094,18812745.97,Comedy,Summer,88.2,87.27,10,73.4,80.35,3719728.15,181555857.15
1095,19170820.1,Horror,Spring,130.8,57.13,4,69.52,65.96,4936925.87,153048243.67
1096,5666270.89,Adventure,Spring,100.1,48.86,7,60.08,69.41,2283097.03,121653667.87
1097,3224947.72,Action,Fall,118.1,60.35,3,51.77,76.84,1397952.77,141113903.08
1098,13822550.63,Adventure,Spring,121.2,25.46,4,93.3,95.74,5262645.27,94570329.84
1099,29823421.92,Thriller,Summer,127.2,67.68,2,45.08,45.67,4591146.0,240892396.0
1100,11790072.75,Animation,Spring,79.6,72.25,7,32.49,37.23,4363612.45,222441052.56
1101,12705320.3,Drama,Fall,174.3,64.77,5,42.88,,5070725.82,53916806.45
1102,7481412.21,Sci-Fi,Summer,134.6,33.1,7,41.05,31.84,1459607.87,75946318.33
1103,46222584.23,Horror,Winter,112.9,82.98,4,69.31,61.58,22548748.51,102471894.33
1104,39999514.98,Sci-Fi,Fall,110.5,26.83,5,52.5,58.09,8674391.51,138146176.12
1105,9442549.69,Sci-Fi,Fall,113.4,56.53,7,52.06,46.28,4626902.8,86444362.64
1106,1606058.01,Horror,Spring,99.0,85.21,5,63.97,93.39,359748.25,115865922.88
1107,19267876.29,Horror,Fall,102.9,76.41,3,63.6,58.24,5782882.15,93737792.59
1108,22345277.92,Animation,Fall,89.6,59.94,8,86.54,88.03,9082882.92,253882783.06
1109,9956392.18,Action,Spring,101.3,41.93,3,66.72,75.82,1893500.36,106780587.01
1110,33971651.1,Romance,Fall,113.5,87.79,9,69.89,55.91,9780976.44,132597605.1
1111,21414842.29,Romance,Fall,91.4,79.23,6,71.98,93.5,6413844.08,72962153.31
1112,3352735.93,Drama,Fall,81.6,56.82,7,51.54,63.44,1366242.9,55671922.46
1113,38613583.7,Comedy,Fall,131.7,60.66,5,57.62,56.34,17748828.18,223382218.03
1114,7637878.96,Romance,Summer,90.3,39.85,4,64.16,51.98,2864977.18,77609245.76
1115,70707718.94,Fantasy,Summer,125.2,56.44,12,26.54,44.62,29664007.73,433635725.5
1116,38095191.61,Horror,Winter,101.2,82.88,3,49.97,72.31,8559234.03,232884643.26
1117,8859100.58,Comedy,Winter,113.1,56.11,6,63.64,55.78,1383290.54,83281219.09
1118,23542826.01,Thriller,Winter,,91.71,8,73.74,88.03,9673761.18,139126486.68
1119,21240546.37,Animation,Summer,118.3,33.51,1,39.47,33.47,4628328.54,194824514.43
1120,25425803.36,Sci-Fi,Winter,129.1,62.42,7,79.01,91.64,11964974.46,117063389.28
1121,21664467.64,Romance,Spring,88.7,29.9,8,91.45,99.75,5970615.8,67385971.7
1122,17546176.64,Comedy,Fall,118.2,43.26,7,41.94,57.52,6690198.44,97625714.12
1123,5795454.08,Thriller,Winter,116.1,39.34,8,68.42,69.23,1090229.15,38904470.17
1124,10588495.31,Horror,Summer,122.3,77.18,5,58.43,62.73,3254978.38,65534936.06
1125,41405999.35,Thriller,Summer,142.2,41.46,6,70.95,82.43,13017445.75,365002159.63
1126,2048815.09,Sci-Fi,Spring,119.0,36.42,4,57.93,68.38,352680.8,85820351.62
1127,15913308.8,Fantasy,Summer,106.4,1.0,8,68.52,88.24,6887156.68,68829314.88
1128,23380468.74,Thriller,Fall,143.5,75.13,8,95.1,100.0,6895128.74,153930563.26
1129,47804097.09,Comedy,Spring,119.0,44.6,8,76.34,86.32,12364056.72,200520808.43
1130,5859375.31,Animation,Summer,126.3,31.43,10,43.56,60.4,2631135.74,95551167.43
1131,2686064.9,Sci-Fi,Summer,127.7,64.27,5,64.26,78.8,892788.59,160236766.9
1132,2743641.6,Horror,Spring,98.4,75.75,9,71.97,100.0,450533.49,74866091.93
1133,22830972.55,Drama,Fall,128.0,49.46,2,62.29,49.73,10298411.84,86366758.29
1134,7983510.56,Thriller,Spring,96.3,70.01,4,61.36,53.44,3550949.06,91931580.63
1135,6116544.82,Animation,Fall,108.5,35.45,6,75.43,93.25,1366892.4,127168376.01
1136,26973636.89,Sci-Fi,Winter,122.9,81.38,0,44.08,50.12,9902523.88,253567091.74
1137,17658866.03,Drama,Summer,126.8,78.23,7,75.88,67.64,6405735.16,190839864.07
1138,7284158.48,Fantasy,Fall,95.0,48.32,10,40.52,30.89,2260627.13,69219687.13
1139,26937758.73,Romance,Summer,119.4,53.55,5,70.14,98.1,10545622.58,97125069.55
1140,40621466.92,Action,Fall,92.7,45.83,7,20.28,,20108863.98,352054050.61
1141,16893263.58,Action,Spring,95.3,61.64,7,53.14,65.41,5246260.76,121999367.03
1142,1278231.35,Sci-Fi,Summer,95.4,69.21,8,44.16,38.83,391416.05,80358544.6
1143,5375333.99,Horror,Winter,106.5,34.9,8,53.33,70.13,2285385.8,44538970.56
1144,10799261.88,Horror,Winter,114.6,46.67,4,63.32,75.86,3292005.86,62461188.66
1145,17028106.41,Comedy,Fall,108.9,63.51,4,65.91,40.67,7560126.53,98636604.58
1146,33861976.68,Drama,Spring,101.9,35.27,3,56.46,57.68,12070401.53,69313220.59
1147,155866526.27,Sci-Fi,Summer,95.3,85.17,6,49.07,48.42,31831902.18,500525212.8
1148,3197331.51,Drama,Spring,134.5,12.8,8,55.76,51.63,737190.25,16601657.03
1149,20268540.02,Action,Spring,129.6,55.32,7,53.94,50.67,6090863.61,243428744.47
1150,37298892.25,Adventure,Summer,92.7,58.08,6,52.17,43.84,17271905.48,235696489.68
1151,7116984.11,Horror,Spring,127.1,58.9,10,,86.84,1192000.1,54229227.75
1152,4102085.08,Sci-Fi,Fall,116.0,95.64,9,70.13,91.32,1212338.09,79159607.86
1153,26955015.01,Sci-Fi,Fall,126.2,48.42,4,75.52,86.33,10749655.56,127280732.47
1154,4285886.25,Thriller,Spring,80.8,59.65,8,48.6,69.55,1100610.96,67448406.73
1155,46303328.97,Action,Winter,147.8,95.16,4,77.02,99.2,22828551.07,301137482.05
1156,12947391.26,Action,Summer,100.7,28.33,5,73.53,81.74,5881339.83,127890602.13
1157,12440315.44,Sci-Fi,Summer,91.1,73.03,9,33.54,38.29,5647980.34,297516863.5
1158,1203379.23,Horror,Spring,78.2,42.9,3,51.58,56.6,386070.36,40605359.97
1159,9813241.26,Drama,Spring,101.3,72.28,7,51.2,56.66,4572406.58,141348774.54
1160,29008438.33,Drama,Summer,164.9,40.69,1,63.78,87.37,9424364.49,193335673.81
1161,12551718.1,Fantasy,Winter,108.6,60.73,9,67.63,62.53,3727664.45,158946449.59
1162,18659335.78,Animation,Summer,107.7,58.88,6,60.95,64.99,7031559.94,270491349.04
1163,141972241.72,Sci-Fi,Summer,105.9,61.45,4,79.32,76.61,38191732.31,1213014402.91
1164,8700751.4,Sci-Fi,Fall,141.0,69.13,7,66.07,89.39,3685988.47,198744655.17
1165,4824084.06,Thriller,Winter,98.2,24.87,7,79.23,79.85,897544.61,36492330.8
1166,19234565.4,Fantasy,Spring,110.3,100.0,12,76.12,96.7,8324462.27,100596485.26
1167,2678050.58,Sci-Fi,Summer,70.0,58.93,5,79.69,83.22,622399.18,112620270.75
1168,4117007.78,Sci-Fi,Spring,85.0,49.98,7,88.43,76.31,2028676.16,87619675.8
1169,78730765.36,Comedy,Winter,101.8,41.2,6,64.93,58.85,25407256.29,95789578.17
1170,42168943.21,Adventure,Summer,124.8,55.01,5,59.07,90.99,11155910.95,343544138.55
1171,4028079.23,Fantasy,Fall,76.5,43.23,4,65.94,78.98,1217136.92,49918235.2
1172,9987658.77,Romance,Fall,113.8,41.84,8,44.74,52.15,4227533.72,53636491.84
1173,6231190.14,Romance,Summer,128.0,31.27,10,80.35,87.16,1827887.38,48896708.14
1174,78036957.57,Adventure,Winter,88.7,76.39,6,32.26,44.3,12762288.05,651798206.33
1175,11483960.91,Fantasy,Spring,93.9,87.02,6,,90.74,2349357.75,106421649.04
1176,22303535.03,Fantasy,Summer,126.4,60.73,8,49.5,59.03,11048646.69,268977460.09
1177,21234161.4,Sci-Fi,Fall,70.0,88.41,8,49.17,72.68,5518034.33,205846859.21
1178,13778172.93,Drama,Spring,126.8,20.13,6,43.56,57.64,3229931.57,47648690.0
1179,7010365.3,Sci-Fi,Winter,128.2,94.6,7,62.79,67.06,2192381.39,111353052.77
1180,10347672.95,Action,Summer,110.8,41.46,6,74.37,62.53,1927965.88,191675751.63
1181,8864163.21,Animation,Summer,101.8,54.29,4,38.17,34.06,3130383.25,159785960.71
1182,2486888.33,Romance,Spring,134.5,68.17,4,77.91,68.47,467152.5,45214553.14
1183,34811160.06,Thriller,Spring,146.9,62.36,4,75.7,78.93,12530173.38,81044613.9
1184,6663703.94,Horror,Fall,113.8,73.84,6,75.37,70.2,2537218.71,92504248.72
1185,33414835.67,Action,Fall,104.5,20.58,10,45.26,,10093154.38,86686971.62
1186,35799462.68,Fantasy,Winter,70.0,50.38,8,75.63,77.54,8452940.3,211379115.88
1187,6014591.29,Sci-Fi,Spring,93.6,66.48,5,54.07,66.78,2933086.02,98617858.56
1188,17504009.59,Comedy,Summer,94.2,61.27,7,57.45,58.73,8473101.1,102955760.15
1189,11803513.03,Fantasy,Spring,,48.95,6,48.12,54.71,4807037.73,52729612.57
1190,17071260.17,Romance,Winter,143.6,40.26,6,45.56,47.25,6128919.96,51132921.16
1191,41872234.23,Fantasy,Summer,135.1,40.33,5,46.65,61.46,14192394.18,279672184.73
1192,6467524.6,Sci-Fi,Fall,101.7,83.62,7,58.96,76.83,1246314.34,155014108.7
1193,2827998.0,Drama,Summer,77.5,54.94,10,83.91,75.6,1250917.01,41211663.7
1194,100100843.22,Adventure,Fall,98.6,16.64,8,27.27,21.83,22611977.29,365565008.95
1195,149495154.7,Sci-Fi,Winter,120.5,73.51,4,80.32,76.9,39245623.86,530318208.36
1196,10824247.55,Drama,Spring,103.4,55.97,8,66.95,54.73,3151749.63,82495149.25
1197,45951398.3,Animation,Winter,97.1,27.0,7,43.37,45.89,15320269.79,222444868.94
1198,6413210.19,Thriller,Summer,127.9,71.74,8,70.86,88.44,1008752.36,138228876.51
1199,18247270.03,Sci-Fi,Winter,112.5,58.51,2,36.55,36.06,3402609.56,108954973.08
1200,14327716.39,Adventure,Spring,128.5,37.83,7,66.5,59.96,3862672.38,198654954.22
1201,105154334.89,Sci-Fi,Summer,99.1,64.38,8,43.93,44.56,38054912.62,510923340.53
1202,13168424.39,Sci-Fi,Spring,90.2,66.34,5,48.92,55.07,5650996.9,108151476.96
1203,3377897.36,Action,Winter,120.8,59.7,8,61.04,88.09,959193.01,126738164.68
1204,6054569.46,Horror,Spring,146.6,98.44,3,54.69,72.98,2085331.3,158546513.58
1205,21331829.24,Animation,Summer,,65.47,6,49.42,60.58,6549780.27,292934976.13
1206,16447367.3,Fantasy,Summer,97.3,58.45,5,63.7,79.54,4991371.98,86078532.72
1207,4253686.93,Romance,Summer,98.2,63.21,7,46.06,41.05,1891613.34,80681486.17
1208,5919075.64,Drama,Winter,111.6,64.24,6,81.77,67.5,2482357.16,57170060.81
1209,4602704.66,Fantasy,Summer,120.1,87.94,6,63.54,77.01,2175008.16,309263938.77
1210,96914356.67,Sci-Fi,Spring,122.8,100.0,6,52.99,46.27,21346333.34,528760132.2
1211,2102226.83,Animation,Fall,93.1,79.48,5,65.6,60.57,915843.12,128639323.68
1212,5465048.85,Thriller,Winter,133.9,73.27,4,68.53,66.44,944547.12,64883022.19
1213,147475773.26,Animation,Spring,95.9,56.38,6,75.81,100.0,70049461.09,1084734225.27
1214,25809776.37,Drama,Fall,93.8,46.3,3,84.88,100.0,4351788.71,69261111.82
1215,34380915.39,Horror,Fall,125.6,88.09,7,52.61,47.57,12882335.11,240530997.42
1216,31368789.5,Sci-Fi,Summer,115.3,62.49,6,57.34,61.82,15133720.12,313957166.61
1217,53511801.85,Drama,Summer,106.6,36.16,5,38.17,39.21,25143633.29,246502179.79
1218,2240998.54,Comedy,Spring,93.3,68.35,7,61.87,79.2,1059118.23,97106259.93
1219,34232114.57,Comedy,Winter,109.8,49.05,6,70.89,75.34,9304915.2,125769541.53
1220,14411434.91,Romance,Fall,86.6,57.66,5,67.22,82.4,3196163.58,74363861.02
1221,12522112.93,Action,Spring,130.5,52.15,5,70.11,82.5,6075046.99,152724446.05
1222,2544749.9,Fantasy,Fall,115.2,47.82,5,55.36,59.49,636640.66,52489957.6
1223,6884106.45,Thriller,Fall,142.4,89.33,6,46.19,57.79,1679733.42,95152599.33
1224,11777457.92,Horror,Spring,73.4,21.42,3,74.63,80.83,3299752.92,44183829.53
1225,15091339.08,Sci-Fi,Fall,91.5,33.04,8,62.74,76.44,7401000.83,203403618.44
1226,9843387.32,Animation,Spring,101.7,56.97,3,29.86,24.91,2956943.54,111257871.59
1227,4631809.65,Drama,Fall,79.6,68.91,8,71.4,72.78,797191.49,58764079.63
1228,4513527.44,Fantasy,Fall,133.9,55.62,5,88.04,87.59,1853811.76,153739540.21
1229,4428142.3,Romance,Fall,98.5,75.55,8,35.99,47.15,1027037.96,94018254.09
1230,8594125.44,Romance,Summer,92.6,43.72,10,42.13,42.47,2442150.27,80831080.91
1231,89224049.15,Animation,Summer,110.9,29.14,8,44.74,63.63,43969512.25,683048390.37
1232,5421513.8,Fantasy,Summer,125.7,37.76,6,48.89,61.38,1182538.16,76889975.36
1233,13157250.52,Comedy,Summer,87.4,72.11,4,80.01,82.15,3683591.69,144796190.63
1234,1831736.31,Horror,Summer,126.3,73.56,8,77.13,,797583.61,158935722.37
1235,10600374.82,Comedy,Fall,121.0,60.6,3,66.49,54.45,2792440.95,89830022.53
1236,10104344.76,Action,Summer,,40.35,5,51.7,67.42,3355769.23,132783057.38
1237,13798659.27,Action,Winter,109.5,68.48,6,33.56,56.07,5438382.15,175202086.68
1238,1721201.49,Fantasy,Fall,90.1,13.09,11,36.48,51.25,572815.72,28900430.36
1239,48908452.9,Adventure,Fall,116.7,50.81,6,51.15,44.12,14337977.22,170749419.7
1240,28018869.37,Drama,Winter,125.2,69.48,11,78.23,69.8,6401688.2,154546940.79
1241,3136507.83,Drama,Winter,78.2,60.94,7,74.08,76.14,525055.81,36715358.85
1242,13316270.88,Drama,Summer,120.9,9.87,5,68.67,74.76,2269314.21,23326995.45
1243,2890819.27,Sci-Fi,Fall,93.5,74.81,5,63.74,71.2,838288.35,107049619.31
1244,8005811.53,Drama,Winter,95.2,41.4,3,67.55,75.69,2075559.42,41804991.61
1245,10416356.31,Horror,Summer,91.1,58.79,9,70.33,73.29,2355201.75,73098199.72
1246,6149707.32,Horror,Spring,84.4,51.07,5,71.29,72.54,1961762.86,62209876.06
1247,7963375.71,Fantasy,Spring,116.7,65.31,8,35.28,22.45,1657901.56,131427513.16
1248,70182292.32,Action,Spring,,72.34,5,,37.2,15178179.14,350829832.2
1249,165629540.73,Adventure,Spring,99.8,58.0,7,70.15,85.31,62451291.82,854670906.74
1250,8167452.21,Thriller,Summer,132.4,63.74,14,44.98,40.88,2083441.01,100554430.36
1251,12395527.93,Romance,Fall,116.8,54.3,4,77.09,76.95,2586289.95,42070916.04
1252,16974891.88,Sci-Fi,Winter,108.7,56.94,7,47.29,33.79,3725617.59,100860045.96
1253,17310057.65,Drama,Fall,91.1,39.73,8,32.26,23.08,5221172.49,62282270.18
1254,17186293.73,Action,Summer,134.9,51.74,2,42.61,38.24,5041940.55,275127747.6
1255,3050939.01,Thriller,Winter,131.2,44.89,3,99.23,100.0,748337.92,31680805.57
1256,2159209.24,Adventure,Summer,99.6,24.05,5,41.86,43.43,920700.03,48973855.86
1257,6206027.46,Animation,Summer,88.1,66.93,9,50.13,77.99,1920776.56,165922056.82
1258,2887503.59,Romance,Fall,101.9,37.25,9,49.17,33.09,631403.08,54879044.67
1259,17768806.0,Romance,Spring,116.9,25.85,2,66.35,70.06,5965387.15,100109252.78
1260,26849218.03,Horror,Fall,127.4,40.48,1,64.49,67.29,5404419.84,66637563.85
1261,2820304.62,Thriller,Fall,99.2,39.02,12,75.43,71.8,1278217.06,44253265.42
1262,55794818.34,Horror,Fall,106.3,44.33,8,71.55,91.67,22774861.96,146467692.59
1263,3368922.1,Action,Winter,142.5,72.35,5,81.45,100.0,942441.68,190682031.87
1264,8149502.18,Animation,Fall,108.4,97.43,6,90.19,100.0,3623676.77,213819757.18
1265,27567891.25,Thriller,Winter,96.6,83.32,6,75.02,84.16,9767758.67,146896350.06
1266,2806175.11,Comedy,Spring,108.7,67.0,9,59.68,78.53,877674.63,85920404.71
1267,1686182.73,Animation,Fall,127.3,53.02,11,,41.91,357417.59,167629520.91
1268,244784596.97,Thriller,Fall,97.9,47.38,7,71.17,68.04,74500671.95,359411040.7
1269,8896513.09,Sci-Fi,Summer,86.0,51.76,6,50.79,34.59,3947949.37,120341130.93
1270,18152412.92,Adventure,Summer,89.3,100.0,11,38.3,28.52,2936291.04,305526663.01
1271,37010272.22,Animation,Summer,110.1,76.96,8,56.22,,16051576.55,271814443.92
1272,8436018.98,Adventure,Winter,94.9,20.52,5,77.65,77.64,3085376.37,60368274.69
1273,28330538.07,Adventure,Spring,130.0,98.19,10,64.95,68.72,13807929.54,429908327.74
1274,21811263.67,Comedy,Spring,109.2,63.71,9,58.15,84.61,9604069.67,71121365.46
1275,23919578.24,Animation,Fall,122.4,37.44,7,87.31,90.28,6792603.03,175725238.21
1276,15986814.38,Thriller,Summer,116.8,60.47,5,23.14,48.84,7863686.07,126038061.6
1277,3523526.2,Drama,Fall,128.9,44.71,8,54.62,45.9,1420051.4,37746027.2
1278,7967969.07,Drama,Fall,91.5,98.8,9,71.9,85.06,3638809.97,141713759.83
1279,22111131.18,Comedy,Winter,120.1,93.49,2,74.18,77.5,5045492.82,233622791.41
1280,2162790.77,Fantasy,Summer,104.4,62.46,7,45.37,44.68,767200.81,133260594.19
1281,34012889.23,Thriller,Summer,153.2,45.61,4,89.79,75.29,13390073.11,76354918.28
1282,31838026.6,Action,Spring,88.7,50.8,3,50.26,57.74,7778877.93,70621698.13
1283,300000000.0,Romance,Winter,129.6,31.59,5,48.49,72.27,69657785.16,540657005.63
1284,10350350.01,Fantasy,Spring,107.1,57.36,2,59.53,53.75,2021988.36,131322088.42
1285,83982015.58,Animation,Spring,123.3,36.33,5,65.96,66.21,16342516.57,471119802.13
1286,39567572.42,Adventure,Summer,103.9,57.59,7,49.96,54.33,9832338.03,330483832.63
1287,15251018.48,Thriller,Summer,70.8,24.05,8,65.24,71.69,7470242.05,62500528.24
1288,8140901.85,Drama,Fall,85.3,70.89,3,58.31,53.25,3378233.03,127912777.08
1289,43884561.78,Adventure,Summer,107.6,86.5,4,45.28,51.62,14127849.09,1047002044.68
1290,43866137.7,Romance,Summer,,40.96,6,82.54,100.0,20755084.53,144896337.22
1291,39149545.85,Fantasy,Winter,112.3,57.34,5,61.25,78.77,13427391.34,110863831.57
1292,7857752.12,Romance,Summer,134.2,63.59,2,62.92,81.24,1971442.98,76855890.54
1293,19718238.44,Comedy,Fall,138.0,49.98,6,38.15,23.02,7356361.21,69758335.24
1294,17308676.14,Drama,Fall,105.8,1.0,7,70.11,66.75,4326813.72,34065922.29
1295,8494827.02,Sci-Fi,Spring,133.3,80.85,13,39.06,26.83,2756062.95,145128396.4
1296,50763077.85,Adventure,Winter,120.7,57.81,10,65.04,67.19,10702373.0,204342540.82
1297,45074381.3,Sci-Fi,Fall,111.2,51.74,6,71.34,74.97,21768342.49,157837674.84
1298,4761538.57,Fantasy,Summer,119.3,61.48,5,30.35,58.12,1076842.42,107384061.0
1299,98224489.51,Adventure,Summer,93.5,36.51,5,,47.04,16388184.37,354556283.67
1300,12559609.04,Fantasy,Fall,137.5,69.93,11,67.29,79.31,3706834.98,88451876.4
1301,24860490.7,Drama,Summer,123.2,35.84,2,74.78,87.53,8767198.72,69187632.14
1302,20267902.28,Romance,Winter,94.3,39.27,12,76.9,79.52,9734080.22,54517118.4
1303,30754422.2,Fantasy,Summer,132.2,71.28,2,73.34,90.06,14073385.55,133372794.15
1304,46147196.96,Adventure,Fall,121.9,57.42,5,51.68,41.88,9189150.86,253761346.28
1305,31009181.9,Comedy,Spring,102.1,60.91,7,72.26,71.27,12099259.39,135795429.86
1306,33423338.74,Drama,Winter,95.9,29.22,7,66.96,80.56,6874256.43,62282355.26
1307,4570786.74,Sci-Fi,Spring,126.3,81.53,6,48.51,48.74,831305.28,125305525.37
1308,153855141.35,Fantasy,Winter,121.2,68.39,7,58.65,76.41,31900078.1,325009440.82
1309,4201305.25,Adventure,Winter,101.5,79.9,6,70.82,84.73,1807020.4,166326453.17
1310,96483513.03,Action,Summer,77.6,61.97,4,64.25,74.39,28685945.78,356234714.95
1311,37844804.56,Drama,Fall,89.4,64.73,9,82.28,81.52,10450884.06,188256598.64
1312,57964430.19,Animation,Winter,103.2,84.46,8,35.92,55.52,16856573.27,159379572.89
1313,12072503.86,Sci-Fi,Summer,125.6,38.75,11,55.31,69.36,4823893.83,178682967.61
1314,76245231.39,Romance,Spring,101.1,85.6,7,,65.43,11475487.61,238389104.59
1315,19622058.2,Horror,Spring,92.2,69.16,6,43.86,31.8,3936222.38,104544372.0
1316,7054497.49,Horror,Winter,138.1,47.56,8,62.19,49.34,1923760.78,37933856.54
1317,33727866.94,Animation,Summer,103.3,41.68,5,37.58,38.54,11982274.52,248847690.13
1318,13002219.3,Comedy,Winter,83.2,67.65,5,54.31,32.73,4895624.5,97365008.21
1319,4114054.41,Drama,Summer,86.8,55.6,7,28.87,31.54,1484850.03,70146792.4
1320,52516569.88,Comedy,Winter,137.5,43.03,9,55.95,79.26,12659860.17,308005165.11
1321,32113014.07,Comedy,Summer,125.8,37.81,3,43.55,69.21,14187919.01,162564606.57
1322,10088482.26,Comedy,Fall,108.3,92.92,7,68.4,60.5,3323793.48,77003312.86
1323,24211778.12,Sci-Fi,Spring,91.7,54.09,8,53.5,63.41,5792603.48,87684494.88
1324,5615015.22,Thriller,Fall,120.8,3.72,5,32.17,30.44,937415.74,25494675.14
1325,6077665.81,Comedy,Spring,73.8,29.48,6,73.11,85.38,2052631.04,44057914.11
1326,17306230.45,Romance,Winter,138.0,70.89,5,25.6,27.15,4856624.26,77748898.65
1327,5662075.96,Thriller,Summer,128.9,56.65,2,45.16,45.09,1757759.68,198879780.27
1328,5127774.51,Drama,Spring,118.3,75.71,4,65.17,59.46,2202992.48,76427466.71
1329,21374461.61,Fantasy,Summer,125.1,31.71,6,52.68,55.15,5812477.66,184654592.04
1330,26680047.13,Comedy,Summer,123.5,100.0,7,58.49,70.3,12387056.26,240909865.64
1331,5448681.96,Animation,Spring,132.1,66.21,9,51.82,65.54,1458705.62,158964202.62
1332,35796226.86,Drama,Winter,110.4,51.7,9,60.15,59.18,12390080.13,71039381.1
1333,83543745.27,Romance,Winter,111.7,48.7,8,60.99,75.18,37422433.9,166781760.96
1334,7415809.33,Comedy,Winter,100.9,64.76,9,52.26,85.42,2693995.18,116563221.48
1335,6969918.0,Horror,Winter,140.2,20.52,6,68.79,75.33,1301208.27,50133936.8
1336,8547172.6,Sci-Fi,Spring,126.1,53.42,7,78.66,63.56,2685398.78,124206122.3
1337,6345095.87,Thriller,Winter,115.0,32.23,7,31.65,44.47,2149116.99,26914617.45
1338,24388921.21,Animation,Fall,123.8,61.4,5,67.92,57.55,5889227.43,120793480.09
1339,2027094.01,Animation,Summer,90.4,56.59,10,57.85,59.25,578309.22,248101676.4
1340,4767403.88,Horror,Summer,93.7,46.59,8,74.99,79.48,1329402.88,48776802.1
1341,10644493.51,Thriller,Summer,112.8,53.05,11,54.39,46.08,2869217.79,74733658.11
1342,41340148.56,Fantasy,Fall,115.6,37.33,4,60.87,47.18,8157828.24,106475862.02
1343,34923725.17,Comedy,Summer,101.4,44.79,7,45.32,51.03,9728085.87,129783044.65
1344,18762774.3,Horror,Fall,111.2,52.23,6,46.32,55.14,3515022.54,88378144.51
1345,300000000.0,Action,Winter,121.7,49.68,5,41.8,50.05,86768287.55,785006116.54
1346,80701021.37,Thriller,Winter,125.4,85.73,2,51.58,,20209450.76,216731962.22
1347,57694062.16,Romance,Spring,120.0,32.71,7,,23.16,23982985.52,138850319.85
1348,23337178.32,Animation,Winter,70.6,53.51,3,65.25,70.32,7946196.34,171703134.97
1349,64562257.09,Drama,Winter,117.5,54.08,7,55.86,70.63,20487014.81,163703915.65
1350,31842220.9,Action,Fall,117.9,71.89,6,75.45,83.81,5402450.73,308755210.07
1351,6422041.0,Comedy,Spring,152.3,78.44,5,66.02,63.65,1766435.77,148515609.91
1352,7380254.91,Fantasy,Summer,120.3,90.92,6,71.57,72.0,3375348.82,218998939.97
1353,31747533.48,Drama,Summer,95.1,51.13,5,67.09,71.55,11767095.68,191208199.36
1354,58921627.82,Sci-Fi,Fall,84.9,20.29,4,65.76,67.52,11273599.69,162601005.39
1355,3773451.14,Sci-Fi,Fall,109.0,49.65,7,78.79,66.05,974088.75,75722813.0
1356,8219820.48,Thriller,Spring,103.1,39.16,10,65.09,56.16,3709501.75,45984810.27
1357,20750331.22,Sci-Fi,Summer,110.5,80.09,4,50.4,53.51,8952909.87,446834573.55
1358,66696804.82,Action,Winter,150.2,86.84,3,40.15,28.11,20061524.55,218727345.8
1359,20479369.26,Thriller,Spring,115.7,40.05,4,43.83,45.28,8480150.55,65139703.49
1360,6661560.95,Sci-Fi,Winter,138.6,57.13,4,57.58,58.31,1151867.62,103922693.27
1361,69637789.24,Comedy,Summer,149.8,65.58,3,62.57,63.89,25313110.42,218891395.55
1362,13226249.2,Action,Summer,101.7,48.07,7,80.6,54.75,2438183.77,141994373.02
1363,3678736.58,Thriller,Spring,121.6,77.75,7,81.38,,1018537.3,120375396.26
1364,11076793.31,Fantasy,Summer,97.0,61.41,1,43.9,48.56,2662545.84,149562787.31
1365,4780029.96,Thriller,Spring,,29.28,4,39.58,37.21,2290783.94,47747663.16
1366,2631420.9,Sci-Fi,Spring,123.2,52.89,7,67.65,61.29,1146558.41,88690301.71
1367,3783375.88,Animation,Winter,140.9,79.47,11,42.02,51.02,1001778.25,99375216.14
1368,35928387.01,Drama,Winter,113.4,45.55,7,58.21,76.81,14613989.12,82599711.86
1369,12327717.18,Horror,Summer,112.8,48.59,1,80.94,73.21,5594816.72,170696909.96
1370,9382039.82,Sci-Fi,Summer,122.5,78.35,6,56.46,82.97,2630261.79,468978848.92
1371,1606364.43,Sci-Fi,Summer,115.9,91.69,9,75.93,,453635.65,190843776.98
1372,8527707.96,Thriller,Summer,149.3,59.69,2,52.64,66.66,3293593.73,94035767.67
1373,54959784.14,Adventure,Summer,115.5,66.25,5,52.86,62.18,21012715.29,341457677.98
1374,36446017.46,Thriller,Summer,129.2,99.0,8,60.42,63.07,10742992.19,332098286.37
1375,20797988.18,Sci-Fi,Fall,88.1,36.31,5,87.18,92.73,3442123.91,132486264.9
1376,3746505.59,Horror,Winter,137.1,18.28,4,32.68,46.31,1540719.53,44629112.81
1377,13831693.52,Adventure,Spring,103.8,32.79,8,42.59,15.22,5261649.63,103714843.78
1378,16005089.77,Fantasy,Spring,137.4,90.79,13,54.02,79.1,5196284.63,173397781.49
1379,4891042.91,Sci-Fi,Summer,119.1,56.24,8,67.73,76.83,1794139.35,84734837.37
1380,121767547.44,Sci-Fi,Spring,125.8,79.31,8,41.64,68.23,19986456.04,531381831.19
1381,9781783.55,Adventure,Fall,91.3,74.23,4,59.01,47.59,3069930.85,143644400.07
1382,45242766.57,Romance,Fall,106.1,40.77,4,59.5,57.16,10764563.12,130904652.75
1383,5008900.03,Adventure,Summer,94.9,47.22,7,46.09,54.53,2367696.12,179489400.19
1384,9075146.96,Thriller,Fall,105.9,17.14,7,57.28,68.28,2121986.18,64871287.41
1385,17297766.17,Sci-Fi,Summer,95.0,46.91,5,77.66,100.0,6417148.78,269634121.93
1386,70711710.82,Horror,Winter,133.3,65.77,6,38.53,,16239940.78,281475659.77
1387,26236291.96,Comedy,Summer,81.2,17.26,6,68.45,91.36,6927144.24,148048182.42
1388,7506546.78,Comedy,Fall,93.5,56.5,4,31.65,30.6,1349956.62,77812626.64
1389,33879872.6,Thriller,Summer,94.0,92.83,7,51.84,34.08,13741977.64,231170518.91
1390,4580118.81,Horror,Summer,113.8,20.97,6,45.96,70.74,1735362.66,67345055.45
1391,34708181.96,Sci-Fi,Summer,141.6,66.91,6,57.67,64.43,16282423.72,238592245.53
1392,25949878.67,Sci-Fi,Summer,112.2,11.71,6,66.51,62.75,12472458.12,124338961.34
1393,84790852.32,Thriller,Spring,99.1,35.02,3,41.37,65.48,15877239.85,146572617.07
1394,8763277.47,Fantasy,Winter,97.2,66.86,4,63.71,58.16,1427665.79,69059795.61
1395,10131786.09,Action,Winter,84.6,7.98,7,45.91,56.44,4369342.17,103748672.44
1396,79479654.38,Action,Spring,81.9,53.81,6,53.31,53.19,19090352.0,482660383.59
1397,16744875.38,Action,Spring,119.7,65.09,7,64.32,69.32,7265839.15,127871737.61
1398,25523720.27,Thriller,Fall,114.0,76.02,8,55.81,84.88,12187677.04,225340182.32
1399,5108422.03,Romance,Fall,110.2,39.71,7,41.44,35.31,865007.72,49484013.19
1400,1939804.28,Horror,Summer,138.1,59.06,7,81.09,54.05,657354.48,119285342.45
1401,35128909.19,Animation,Fall,132.4,54.2,4,61.26,45.21,16519698.82,255390644.05
1402,17814022.1,Romance,Summer,126.0,41.52,5,49.81,56.69,4388435.8,78593151.53
1403,82014174.78,Adventure,Winter,122.4,83.99,7,57.33,50.6,13551426.08,311623251.72
1404,43143978.29,Horror,Fall,143.0,93.31,6,50.99,42.81,12548233.75,260687156.93
1405,31290199.71,Animation,Summer,132.3,49.49,6,63.32,66.92,6065334.52,177889510.64
1406,30654452.99,Drama,Summer,89.0,47.42,6,57.48,55.64,14750066.28,120122882.14
1407,10011489.97,Action,Winter,72.0,54.96,9,48.77,60.77,3831346.43,80252609.81
1408,18963507.3,Sci-Fi,Winter,122.0,75.24,6,50.27,50.64,9330765.98,171142074.95
1409,6820505.44,Horror,Summer,95.9,26.39,6,44.85,37.89,1952096.96,30513781.79
1410,28121754.04,Sci-Fi,Summer,142.2,61.77,7,74.75,,12877728.24,303864533.3
1411,5999138.2,Animation,Summer,103.1,38.59,6,57.67,52.54,1496495.15,134091431.44
1412,30269232.71,Romance,Summer,115.3,66.51,4,65.89,63.12,13413772.73,109470810.79
1413,40677424.5,Fantasy,Summer,86.8,70.82,7,67.02,96.12,10662142.29,302474822.62
1414,5403660.44,Drama,Spring,117.5,46.66,12,62.52,63.61,2372517.84,42876617.53
1415,73369640.92,Comedy,Spring,108.4,69.91,8,75.37,58.26,31906122.75,247214667.84
1416,18741134.25,Thriller,Summer,138.5,81.66,6,65.38,66.29,5093144.61,285070816.91
1417,13472216.09,Horror,Spring,99.0,67.22,8,62.11,71.76,4689750.01,52178303.16
1418,32175598.99,Adventure,Summer,77.6,55.15,3,73.27,80.11,9479965.19,214788310.32
1419,8135448.03,Romance,Summer,121.9,34.62,6,100.0,,1311753.71,93727326.36
1420,26966746.78,Horror,Spring,83.7,47.79,6,75.78,77.59,10630397.61,60060368.95
1421,6675282.32,Adventure,Summer,112.3,41.56,12,38.72,55.35,1725934.59,50936530.82
1422,110133871.99,Drama,Winter,120.0,65.39,6,35.07,36.08,27428526.19,222118602.42
1423,21508019.58,Action,Summer,97.7,75.29,5,50.42,35.18,10330792.53,225819213.3
1424,6023658.24,Fantasy,Spring,130.3,48.29,5,52.06,78.12,1026032.77,73709564.09
1425,4525472.41,Adventure,Spring,85.6,94.97,4,43.92,69.62,1171000.31,208033127.96
1426,10467490.77,Thriller,Winter,86.3,31.38,5,32.43,24.96,2468059.02,67844164.95
1427,42929554.21,Adventure,Summer,83.7,39.46,5,46.12,60.89,19979760.99,273005381.44
1428,5004110.7,Romance,Summer,117.4,75.33,3,33.19,39.09,1836708.31,66876434.73
1429,7375648.42,Fantasy,Winter,93.6,47.24,8,65.54,65.19,3250985.48,79976679.3
1430,6284619.28,Animation,Spring,96.6,53.09,9,48.09,56.09,1455421.68,123637116.66
1431,115011423.32,Comedy,Fall,121.8,47.58,6,87.97,84.62,36404563.16,252814573.66
1432,46282439.99,Sci-Fi,Fall,118.9,44.46,5,63.85,62.51,7260877.42,150422174.54
1433,19865159.04,Sci-Fi,Fall,104.8,65.98,4,80.2,97.66,3602297.85,171898597.16
1434,11102125.74,Action,Winter,78.0,80.73,6,43.21,60.47,4156713.0,221543244.79
1435,2506448.28,Sci-Fi,Winter,100.5,4.2,7,54.71,55.17,949183.42,21063411.41
1436,3611287.71,Animation,Fall,,25.11,6,64.58,69.56,1437008.94,50709178.88
1437,52692416.11,Action,Summer,101.3,32.01,4,82.47,100.0,15272912.12,388654126.71
1438,18269859.75,Romance,Winter,91.0,68.01,7,70.89,58.17,6597165.29,102523786.61
1439,6010938.54,Action,Winter,127.0,62.39,5,42.22,41.48,1615433.56,108738397.38
1440,19024272.06,Thriller,Summer,126.0,90.79,10,,86.3,8793623.36,255429847.96
1441,8560683.58,Animation,Summer,138.1,57.6,6,65.17,79.53,3483043.77,237999794.55
1442,20458275.16,Sci-Fi,Fall,100.4,71.38,7,41.03,60.75,9685357.86,269942523.42
1443,40227729.47,Horror,Spring,107.4,48.89,9,26.74,21.29,14946422.39,225132962.23
1444,15246791.31,Comedy,Fall,120.2,54.64,7,62.4,74.74,4833549.47,71234907.4
1445,29180891.04,Horror,Summer,99.3,100.0,7,68.99,66.63,14476864.49,181637459.67
1446,35368596.05,Drama,Fall,112.6,50.03,5,44.39,45.36,17589468.39,105427975.77
1447,125584365.11,Action,Winter,130.9,75.99,7,45.91,60.9,22510932.33,476614801.36
1448,3270385.53,Comedy,Spring,110.5,47.55,6,62.29,68.08,865302.02,76185328.65
1449,3552201.81,Animation,Spring,104.0,46.71,5,64.77,81.66,1136662.23,75263114.22
1450,4501601.77,Thriller,Summer,139.2,51.88,3,62.66,80.31,2186343.58,65103583.34
1451,14189957.47,Comedy,Winter,106.8,49.41,8,54.72,37.17,4809964.97,89250075.9
1452,300000000.0,Horror,Fall,101.1,34.84,10,61.09,,112525867.47,363728392.8
1453,5556021.5,Action,Summer,122.3,44.98,5,70.8,79.68,856129.08,63390963.46
1454,28467746.81,Romance,Winter,154.2,49.31,5,55.56,54.0,5929115.49,39203857.23
1455,14655133.05,Horror,Summer,126.7,44.78,7,73.89,92.19,4141148.35,65396779.08
1456,12851943.12,Adventure,Spring,70.0,40.72,8,64.46,57.17,3446627.67,107630966.05
1457,6534216.5,Fantasy,Summer,78.1,65.48,4,77.43,94.86,2667037.74,291001531.01
1458,7453117.59,Action,Fall,106.6,37.52,7,54.34,49.54,1173689.95,50045781.6
1459,34756416.93,Horror,Spring,122.2,71.37,8,36.88,54.27,5607938.16,171809685.82
1460,13510568.26,Animation,Summer,95.8,34.86,9,45.76,57.43,4904595.27,154030870.4
1461,7915424.07,Comedy,Winter,105.7,55.7,7,,82.81,2609105.51,109463620.51
1462,4396034.08,Fantasy,Fall,128.6,18.35,6,54.04,74.39,1162222.73,64350600.03
1463,47147436.37,Animation,Spring,136.3,13.15,7,68.96,61.56,22552838.93,270627756.55
1464,6316294.57,Adventure,Summer,138.5,60.83,4,42.77,28.32,1871380.37,213285780.3
1465,12554147.05,Thriller,Summer,109.7,40.25,3,49.82,59.14,3825671.29,120197724.8
1466,13087835.47,Romance,Winter,111.9,30.5,6,43.05,53.33,6460681.26,73181159.72
1467,12477495.41,Thriller,Summer,108.5,33.55,10,55.74,55.51,3782421.17,53330968.89
1468,10687995.02,Comedy,Summer,105.6,27.07,7,62.95,100.0,4204186.42,114686329.09
1469,27513998.05,Horror,Summer,90.6,38.19,7,57.49,70.05,12130315.73,97681758.75
1470,26726214.25,Horror,Winter,88.0,62.17,7,60.52,71.21,6564180.36,91810522.13
1471,4354127.52,Romance,Spring,159.0,45.21,8,92.0,100.0,1883616.01,68769532.43
1472,11005199.13,Horror,Spring,95.7,58.89,7,43.81,52.93,3072886.83,62328981.22
1473,10220381.18,Thriller,Summer,136.3,83.1,5,74.18,80.37,4215025.23,144595934.4
1474,3549873.14,Thriller,Fall,130.3,22.48,4,69.71,75.22,677472.23,34501503.61
1475,15293741.91,Horror,Fall,120.6,10.11,5,66.63,81.84,2600765.37,59458739.6
1476,8031057.12,Comedy,Summer,110.4,8.96,7,72.69,65.33,1558315.11,40753089.53
1477,10318244.85,Thriller,Spring,102.0,68.79,9,61.27,50.6,4016296.87,106656812.51
1478,15525796.89,Comedy,Winter,108.4,75.04,4,69.27,75.5,7629123.98,170215191.35
1479,8986702.93,Fantasy,Summer,119.5,14.98,6,74.3,57.75,4485256.54,93422825.41
1480,4959005.24,Drama,Winter,101.2,56.57,7,67.06,52.24,2453119.95,58748800.77
1481,39016563.83,Action,Summer,128.9,42.0,7,70.75,,14501439.0,351856972.56
1482,38143026.58,Thriller,Spring,102.8,68.47,5,36.04,61.52,18719751.27,75611913.35
1483,21593288.45,Horror,Winter,116.7,37.84,7,,88.45,10222094.07,139652831.55
1484,25078706.62,Animation,Summer,124.7,66.52,4,65.35,91.07,6413999.45,462319077.0
1485,4448596.4,Drama,Spring,76.7,75.52,5,44.71,38.98,1520038.24,45484124.58
1486,33045562.6,Comedy,Spring,70.0,89.28,8,52.26,73.43,8781417.98,150486175.99
1487,12375303.56,Animation,Spring,113.9,86.75,8,54.24,32.77,3169145.96,277502415.27
1488,12077372.9,Comedy,Fall,146.3,47.08,6,58.63,51.9,4373051.06,176223126.31
1489,2787662.59,Adventure,Summer,101.3,53.11,6,67.54,77.12,1054962.29,108895033.03
1490,90518775.13,Animation,Summer,150.0,42.85,8,55.63,72.27,35760052.54,988539005.12
1491,30014813.51,Horror,Summer,135.9,88.62,4,82.77,95.32,14985770.45,234024601.44
1492,14676896.54,Drama,Spring,105.3,58.51,5,77.59,84.47,2470402.09,99344848.73
1493,3915978.47,Action,Summer,138.5,96.74,4,48.22,43.96,921876.89,329538226.33
1494,90770082.16,Adventure,Spring,103.3,64.74,10,61.45,91.37,13883248.68,307956155.77
1495,45108703.04,Sci-Fi,Summer,87.0,60.03,3,64.75,67.42,9133585.96,492738016.83
1496,26263709.57,Fantasy,Summer,106.3,78.64,3,63.23,49.35,5022061.41,365550025.8
1497,5696613.22,Action,Summer,110.8,48.52,8,50.51,45.66,1909038.96,93760273.41
1498,18367249.13,Comedy,Fall,131.5,55.61,6,76.67,76.18,2961517.1,83133772.09
1499,31083161.4,Romance,Spring,128.7,52.82,6,29.81,35.91,9753777.72,71842925.88
1500,8527942.25,Action,Fall,84.4,72.65,11,64.98,65.34,2761630.52,147469684.69
